Source,Target,Interaction
AATF,CDKN1A,?
AATF,MYCB,+
AATF,TP53,?
ABL1,BCL2,-
ABL1,BCL6,-
ABL1,CCND2,+
ABL1,CDKN1A,+
ABL1,JUN,+
ABL1,PIM1,+
ABL1,TP53,+
AHR,ABCG2,?
AHR,AHRR,+
AHR,CA9,-
AHR,CCND1,?
AHR,CCNG2,+
AHR,CYP1B1,+
AHR,FOS,?
AHR,IL1B,?
AHR,MFSD2AB,?
AHR,MYCB,?
AHR,PCNA,+
AHR,UGT1A5,+
AIP,AHR,+
AIP,GREB1,-
AIP,NFKB2,-
AIRE,BMP2,?
AIRE,CHRNA1,?
ANKRD1,MYL2,-
APBB1,GMPS,-
APBB1,KAG9261813.1,?
APBB1,LRP1,-
APC,AKT1,-
APC,DNMT1,-
APC,F8,?
APC,KLF4,?
APC,MYCB,-
APC,NOS2,+
APC,ODC1,-
APC,PTGS2,-
APC,SGK1,-
ARID1B,CDKN1A,?
ARID1B,KAG9260855.1,?
ARID3A,CDK1,?
ARID3A,CSMD3,?
ARID3A,KAG9266670.1,?
ARL6IP5,PARP1,-
ARL6IP5,XRCC1,+
ARNT,BCR,?
ARNT,ADAM10,?
ARNT,ADD1,?
ARNT,ARID1B,?
ARNT,ASH2L,?
ARNT,ASNA1,?
ARNT,BPTF,?
ARNT,BRD2,?
ARNT,CAMTA2,?
ARNT,CLASP1B,?
ARNT,CSNK1A1,?
ARNT,CTNNB1,?
ARNT,DYNC1I2A,?
ARNT,EIF4G2,?
ARNT,ETS2,?
ARNT,EXT1B,?
ARNT,FBXL14,?
ARNT,FNBP1,?
ARNT,FYNA,?
ARNT,FSCN1,?
ARNT,FXR1,?
ARNT,FZD5,?
ARNT,GALNT1,?
ARNT,GRB2,?
ARNT,GRK6,?
ARNT,GSK3B,?
ARNT,HS6ST3B,?
ARNT,KAG9260001.1,?
ARNT,KAG9260673.1,?
ARNT,KAG9263052.1,?
ARNT,KAG9271284.1,?
ARNT,KAG9277335.1,?
ARNT,KAG9280552.1,?
ARNT,KAG9280779.1,?
ARNT,KALRN,?
ARNT,KIF2A,?
ARNT,KIF5B,?
ARNT,LIMK1,?
ARNT,LIMS1,?
ARNT,LRP1,?
ARNT,MARK1,?
ARNT,MED13,?
ARNT,MPDU1,?
ARNT,MTA3,?
ARNT,MYO18A,?
ARNT,NEBL,?
ARNT,PAPOLG,?
ARNT,PGK1,?
ARNT,PKN2,?
ARNT,PPFIA2,?
ARNT,PPP2R2A,?
ARNT,PPP2R5B,?
ARNT,PPP3CC,?
ARNT,PPP4R3B,?
ARNT,PRKACA,?
ARNT,PTPN11,?
ARNT,PTPN2,?
ARNT,PTPRD,?
ARNT,QKI-B,?
ARNT,RAB8B,?
ARNT,RBM26,?
ARNT,SCAMP1,?
ARNT,SIN3A,?
ARNT,SLK,?
ARNT,SMARCC1,?
ARNT,SSBP2,?
ARNT,STRN3,?
ARNT,SUZ12A,?
ARNT,TENM4,?
ARNT,TIAL1,?
ARNT,TLE3B,?
ARNT,TRIM33,?
ARNT,UGDH,?
ARNT,USP7,?
ARNT,USP9X,?
ARNT,ZRANB1,?
ARNTL,RPL13A,?
ARNTL,RPS5,?
ARNTL,SLC7A5,?
ARNTL,U2AF2,?
ARX,KDM5C,?
ARX,LMO1,?
ARX,PAX4,?
ARX,IHHB,+
ARX,SHHA,+
ARX,SHOX,?
ASH1L,TGFB1,?
ATF2,ATF3,+
ATF2,CCND1,+
ATF2,CDKN1A,?
ATF2,CYP11B,?
ATF2,DUSP1,?
ATF2,DUSP10,?
ATF2,FASLG,?
ATF2,INS,+
ATF2,ITGB8,?
ATF2,JUN,+
ATF2,KAG9259909.1,+
ATF2,KAT5,-
ATF2,MAP3K1,?
ATF2,MMP2,+
ATF2,PCK1,+
ATF2,PLAU,?
ATF2,POLB,+
ATF2,PTGS2,?
ATF2,TGFB2,-
ATF2,TNF,+
ATF3,ADIPOR1,-
ATF3,ADIPOR2,-
ATF3,AK4,?
ATF3,ASNS,+
ATF3,ATF3,-
ATF3,CCND1,+
ATF3,CD82,?
ATF3,GCK,?
ATF3,ID1,-
ATF3,LDLR,-
ATF3,MMP2,-
ATF3,PDX1,-
ATF3,PENK,?
ATF3,SORT1,-
ATF3,TP53,?
ATF4,ASNS,+
ATF4,ATF3,+
ATF4,ATG5,+
ATF4,BGLAP,?
ATF4,CA9,?
ATF4,CCL11,?
ATF4,CHAC1,+
ATF4,CXCL8,?
ATF4,DDIT4,+
ATF4,DDR2,+
ATF4,F7,?
ATF4,FGF19,+
ATF4,HSPA5,-
ATF4,IGFBP1,+
ATF4,IRF3,-
ATF4,KAG9260490.1,+
ATF4,KAG9268785.1,+
ATF4,MAP1LC3B,+
ATF4,PLAU,+
ATF4,PTGS2,?
ATF4,TNFRSF23,?
ATF6,ATP2A2,?
ATF6,BGLAP,?
ATF6,HSPA5,+
ATF6,KAG9271209.1,+
ATF6,KAG9274323.1,+
ATF6,MAFAA,-
ATF6,NR0B2,+
ATF6,NUCB1,+
ATF6,PDX1,-
ATF6,SRF,?
ATF6,STARD4,+
ATF6,WBP1,+
ATM,APLF,?
ATM,BCL2,-
ATM,CDKN1A,?
ATM,CFLAR,+
ATM,DUSP1,+
ATM,GADD45G,+
ATM,INSR,?
ATM,MTF1,?
ATM,PBK,?
ATM,PCNA,?
ATM,SLC2A1,-
ATM,SP1,-
ATM,TNFRSF23,-
ATRX,KAG9280087.1,-
BACH2,BCL2,?
BACH2,PRDM1,-
BARX2,ACTBA,?
BARX2,ESR1,?
BARX2,L1CAM,+
BARX2,PAX1,?
BCL6,BCL6,-
BCL6,CCND2,-
BCL6,CDKN1A,-
BCL6,CDKN2B,-
BCL6,IRF4,-
BCL6,MYCB,+
BCL6,STAT3,?
BHLHE41,CCND1,-
BHLHE41,MLH1,-
BMI1B,CDK1,?
BMI1B,CDKN2D,-
BMI1B,DKK1,?
BMI1B,IKZF1,-
BMI1B,NFKB1,+
BMI1B,PTEN,?
BPTF,ABCG2,?
BPTF,BCR,?
BPTF,TGFBR1,?
BPTF,ADAM10,?
BPTF,AP1S2,?
BPTF,APRT,?
BPTF,AREL1,?
BPTF,ARHGAP35,?
BPTF,ARID1B,?
BPTF,ATP10D,?
BPTF,ATP1A1,?
BPTF,ATP5F1A,?
BPTF,ATP6V0B,?
BPTF,ATP9B,?
BPTF,BRD2,?
BPTF,CAMTA2,?
BPTF,CASK,?
BPTF,UBE2R2,?
BPTF,CELSR2,?
BPTF,CHD5,?
BPTF,CHST1,?
BPTF,CLASP1B,?
BPTF,CLK2,?
BPTF,CNOT6L,?
BPTF,CSDE1,?
BPTF,CSK,?
BPTF,CTBP1,?
BPTF,CYTH4,?
BPTF,DAAM2,?
BPTF,DCHS1,?
BPTF,DENND4A,?
BPTF,DMD,?
BPTF,DMXL1,?
BPTF,DPH6,?
BPTF,EIF4G2,?
BPTF,EPB41,?
BPTF,FAM20B,?
BPTF,FAT4,?
BPTF,FBXL14,?
BPTF,FNBP1,?
BPTF,FOXO1B,?
BPTF,FYNA,?
BPTF,FURIN,?
BPTF,FXR1,?
BPTF,FZD5,?
BPTF,GALNT1,?
BPTF,GPC5,?
BPTF,GSK3B,?
BPTF,HDC,?
BPTF,HNRNPDL,?
BPTF,INSR,?
BPTF,INO80,?
BPTF,KAG9259417.1,?
BPTF,KAG9260001.1,?
BPTF,KAG9262278.1,?
BPTF,KAG9262992.1,?
BPTF,KAG9266470.1,?
BPTF,KAG9268936.1,?
BPTF,KAG9277335.1,?
BPTF,KAG9278225.1,?
BPTF,KAG9280552.1,?
BPTF,KALRN,?
BPTF,KIF13B,?
BPTF,KIF2A,?
BPTF,LAMA1,?
BPTF,LIMK1,?
BPTF,LMLN,?
BPTF,LONRF2,?
BPTF,LRP5,?
BPTF,MACF1,?
BPTF,MAP2K4,?
BPTF,MAP4K3,?
BPTF,MAP4K4,?
BPTF,MARK1,?
BPTF,MED13,?
BPTF,MEN1,?
BPTF,MROH1,?
BPTF,MRPL40,?
BPTF,MYO15A,?
BPTF,MYO18A,?
BPTF,MYO6,?
BPTF,NCKIPSD,?
BPTF,NEDD4L,?
BPTF,NR4A1,?
BPTF,NRF1,?
BPTF,PDE11A,?
BPTF,PDIA6,?
BPTF,PIK3C2B,?
BPTF,PKN2,?
BPTF,PLCB1,?
BPTF,PLCB4,?
BPTF,PPIL1,?
BPTF,PPP2R2A,?
BPTF,PPP2R5B,?
BPTF,PPP3CC,?
BPTF,PPP4R3B,?
BPTF,PRKACA,?
BPTF,PRKG1,?
BPTF,PSMA5,?
BPTF,PSMC4,?
BPTF,PTPN11,?
BPTF,PTPRB,?
BPTF,PTPRD,?
BPTF,QKI-B,?
BPTF,RAB35,?
BPTF,RFX3,?
BPTF,RNF7,?
BPTF,ROCK1,?
BPTF,SCYL1,?
BPTF,SH3GL3,?
BPTF,SIN3A,?
BPTF,SLC25A37,?
BPTF,SLC2A1,?
BPTF,SPRED1,?
BPTF,SPTAN1,?
BPTF,SPTBN5,?
BPTF,SRPK1,?
BPTF,SSBP2,?
BPTF,STAT5B,?
BPTF,STX1B,?
BPTF,STXBP5,?
BPTF,TCERG1,?
BPTF,TEAD1,?
BPTF,TENM4,?
BPTF,TIAL1,?
BPTF,TLN1,?
BPTF,TRAK1,?
BPTF,UBE2Q2,?
BPTF,UBE3A,?
BPTF,USP9X,?
BPTF,WDYHV1,?
BRCA2,KAG9282298.1,?
BRCA2,PSMD3,?
BRIP1,MLH1,?
BTAF1,DR1,-
BTAF1,TBP,-
KAG9266687.1,ATM,+
KAG9266687.1,EPHB2,+
KAG9266687.1,SSPN,-
BTG1,CCND1,-
BTG1,CREB1,+
BTG1,HRAS,-
BTG1,SPHK1,+
CBFB,GATA2,?
CBFB,RUNX2,?
CDC5L,PLRG1,?
CDX1,DSC1,?
CDX1,IRF2BP2B,?
CDX1,PCNA,+
CDX1,PPARG,+
CDX1,PTGS2,+
CDX1,TBP,?
CEBPA,BCL2,-
CEBPA,CCL11,+
CEBPA,CFLAR,+
CEBPA,CRABP2,-
CEBPA,CRMP1,?
CEBPA,CSF3R,+
CEBPA,CXCR1,?
CEBPA,CYP3A30,?
CEBPA,F9,+
CEBPA,GAPDH,?
CEBPA,HSPA4,+
CEBPA,ID1,?
CEBPA,IGF2,?
CEBPA,IL10,?
CEBPA,INSR,+
CEBPA,ITGAX,+
CEBPA,KAG9280168.1,+
CEBPA,MAD1L1,?
CEBPA,MSTNB,?
CEBPA,MYCB,-
CEBPA,NFKB1,+
CEBPA,NR1H3,?
CEBPA,PCK1,+
CEBPA,PRL,?
CEBPA,PTGS2,+
CEBPA,SERPINC1,+
CEBPA,SLC10A1,?
CEBPA,SOCS3,+
CEBPA,SPI1,?
CEBPA,STAR,+
CEBPA,STAT3,?
CEBPA,TLR9,?
CEBPA,VLDLR,?
CEBPA,ZBTB16A,?
CEBPD,C3,?
CEBPD,CASP8,?
CEBPD,CCL20,+
CEBPD,CYP19A1,-
CEBPD,GADD45G,?
CEBPD,GAPDH,?
CEBPD,PDGFRA,?
CEBPD,PPARG,+
CEBPD,PRL,?
CEBPD,PTGS2,?
CEBPD,SOD1,+
CEBPD,TNF,?
CEBPG,CEBPA,-
CEBPG,HBB2,?
CEBPZ,APC,+
CEBPZ,COL11A1,-
CEBPZ,MCPT4,?
CEBPZ,MLH1,-
CEBPZ,SOX9,?
CERS5,ATP6V1C1A,?
CERS5,GNB1,?
CERS5,KAG9265194.1,?
CERS5,MIB1,?
CERS5,WNT3A,?
CHD5,JUN,-
CHD7,JAG1B,+
CHD8,CCNE2,+
CHD8,HOXA2B,?
CHD8,MYCB,?
CHD8,TYMS,?
CIITA,CREBBP,?
CIITA,FASLG,?
CIITA,H2-AA,+
CIITA,IRF1,?
CIITA,IRF2,?
CIITA,KAG9261548.1,+
CIITA,KAG9270537.1,?
CIITA,KAG9275887.1,-
CIITA,MMP9,-
CIITA,PLXNA2,?
CIITA,PSMC5,+
CIITA,RAB4B,?
CIITA,SLC26A3,?
CITED3,CEBPA,+
CITED3,KAG9260855.1,+
CITED3,LDHBA,+
CITED3,LDHD,+
CITED3,MMP13,-
CITED3,MMP9,+
CITED3,PDK3,+
CITED3,PPARG,+
CITED3,WNT4A,+
CLOCK,BHLHE40,+
CLOCK,BHLHE41,+
CLOCK,CRY1,+
CLOCK,CRY2,+
CLOCK,KAG9260254.1,+
CLOCK,KAG9274369.1,+
CLOCK,KAG9278600.1,+
CLOCK,KAT5,?
CLOCK,MAO,?
CLOCK,NAMPT,+
CLOCK,NR0B2,+
CLOCK,SERPINE1,+
CLOCK,SERPINE2,+
CLOCK,STAR,+
CLOCK,THBD,?
CLOCK,TPO,?
CLOCK,VWF,?
CNOT8,PMP22,?
COPS5,CDKN1A,-
CRABP2,RARA,+
CREB1,ACACB,+
CREB1,ACSL4,?
CREB1,BCL2,+
CREB1,BCL2L11,?
CREB1,BDKRB2,?
CREB1,CASP8,+
CREB1,CCK,?
CREB1,CFTR,?
CREB1,CGA,?
CREB1,CLDN11,?
CREB1,CRTC1,?
CREB1,CRTC2,?
CREB1,CYP11A1,?
CREB1,CYP11B,?
CREB1,CYP17A1,?
CREB1,CYP19A1,+
CREB1,ENTPD1,+
CREB1,ERBB2,?
CREB1,ESR1,?
CREB1,FLT1,?
CREB1,FOS,?
CREB1,FOXA1,?
CREB1,GABPA,?
CREB1,GRPR,+
CREB1,GSK3B,?
CREB1,HSPA5,+
CREB1,IL10,+
CREB1,IL5RA,?
CREB1,JUN,-
CREB1,KAG9265893.1,?
CREB1,KAG9268785.1,+
CREB1,KAG9269893.1,-
CREB1,KAG9266355.1,+
CREB1,LAPTM4B,?
CREB1,LDHA,?
CREB1,MC2R,+
CREB1,MIF,+
CREB1,MITF,+
CREB1,MMP2,?
CREB1,NECTIN2,?
CREB1,NF1,?
CREB1,NMNAT2,?
CREB1,NOCT,+
CREB1,NPY,?
CREB1,NR2F1A,-
CREB1,NR2F6,-
CREB1,NR4A3,?
CREB1,NR5A2,+
CREB1,NRF1,?
CREB1,NTS,?
CREB1,ODC1,?
CREB1,PCSK1,+
CREB1,PDE3B,?
CREB1,PENK,?
CREB1,PLAU,?
CREB1,POLD2,?
CREB1,PPM1D,?
CREB1,PPP2CB,+
CREB1,PRL,?
CREB1,PSEN1,+
CREB1,PTGES,?
CREB1,PTGS2,+
CREB1,REN,+
CREB1,SLC19A1,?
CREB1,SLC20A1B,+
CREB1,SLC22A6,?
CREB1,SLC39A1,?
CREB1,SNAI2,-
CREB1,SOX9,?
CREB1,TH,?
CREB1,TLR9,?
CREB1,UXT,+
CREB1,XPC,?
CREB3L4,EDEM1,+
CREB3L4,KAG9274832.1,?
CREB5,ATP6V0E1,+
CREB5,CFB,+
CREB5,LGALS3BPB,-
CREB5,MAPKAPK2,+
CREB5,RASGRP3,-
CREB5,TGFBR3,+
CREB5,TNFRSF11B,-
CREBBP,CCK,?
CREBBP,CDKN1A,+
CREBBP,CREB1,+
CREBBP,ERBB4,?
CREBBP,EP300,?
CREBBP,HINFP,+
CREBBP,HOXA10B,+
CREBBP,INSM1A,+
CREBBP,IRF1,+
CREBBP,KAG9275887.1,?
CREBBP,KAG9282298.1,?
CREBBP,PPARA,?
CREBBP,PSMC5,+
CREBBP,PTGS2,?
CREBBP,RARA,?
CREBBP,TP53,?
CREBBP,XLRS1,?
CREG1,HSPA4,-
CRY1,KAG9278600.1,?
CTBP1,BRCA2,-
CTBP1,CLDN7A,-
CTBP1,KRT18,?
CTCF,ASAP2,?
CTCF,ATXN7,?
CTCF,BCL6,-
CTCF,CCND1,?
CTCF,IGF2,?
CTCF,IPO13,?
CTCF,KAG9279880.1,?
CTCF,MYCB,+
CTCF,NF1,?
CTCF,PAX6A,-
CTCF,PTPRG,?
CTCF,RBL2,?
CTCF,SLC6A4,?
CTNNB1,CASP3,?
CTNNB1,CCND1,+
CTNNB1,CCNE1,+
CTNNB1,CDX4,?
CTNNB1,CGBB,+
CTNNB1,CYP19A1,+
CTNNB1,CYP2G1,+
CTNNB1,EPHB2,?
CTNNB1,FGF8A,?
CTNNB1,FGFBP1,+
CTNNB1,FOXA2,-
CTNNB1,GJA1,+
CTNNB1,GLUL,+
CTNNB1,GREM2,+
CTNNB1,IHHB,-
CTNNB1,INHA,?
CTNNB1,LEF1,+
CTNNB1,MET,?
CTNNB1,MITF,?
CTNNB1,MMP13,+
CTNNB1,MYF-5,+
CTNNB1,PDGFRA,?
CTNNB1,PITX3,+
CTNNB1,PTGS2,+
CTNNB1,SLC2A1,+
CTNNB1,SMC3,?
CTNNB1,TBX3,?
CTNNB1,VEGFD,+
CTNNB1,WNT4A,?
CUX2,CDKN1A,?
DDB2,BCL2,-
DEDD,CFLAR,?
DEDD,FADD,?
DENND4A,ERBB2,-
DLX1A,ARX,+
DLX2A,ARX,+
DLX2A,DLX6A,+
DLX2A,NRP2,-
DLX2A,PAGR1,?
DLX3B,CGA,+
DLX5A,GBX2,?
DLX5A,IGFBP3,?
DLX5A,IRS2,+
DLX5A,KAG9260765.1,+
DLX5A,MYCB,+
DMAP1,ATM,?
DMAP1,BMI1B,?
DMAP1,CDKN1A,?
DMAP1,DNMT1,?
DMRT1,SOX2,-
DMRT2,MYF-5,+
DNMT1,BAG1,?
DNMT1,BMP2,-
DNMT1,CASP8,-
DNMT1,CDKN2B,?
DNMT1,DNMT1,?
DNMT1,ESR1,?
DNMT1,GAD1,-
DNMT1,HDAC1,?
DNMT1,MBD2,-
DNMT1,MGMT,?
DNMT1,MSH2,+
DNMT1,RASSF1,?
DNMT1,RELN,-
DNMT1,SFRP1,?
DNMT1,TACSTD1,?
DNMT1,TIMP3,-
DNMT1,TNFRSF23,-
DNMT1,TP53,?
DNMT3A,CDH10,-
DNMT3A,CDKN1A,?
DNMT3A,IGFBP3,-
DNMT3A,JUP,?
DNMT3A,SETDB1B,?
DNMT3A,SFRP1,?
DR1,NR1I2,+
DR1,NR2C1-B,?
DR1,PTGS2,+
DR1,TBP,-
DRAP1,TBP,?
DTX1,SMARCC1,-
E2F2,CHEK1,-
E2F2,ECE1,?
E2F2,MCM5,-
E2F3,AURKA-A,+
E2F3,CCNA1,?
E2F3,CCNB2,?
E2F3,CDK1,?
E2F3,CDKN1A,+
E2F3,KAG9266670.1,?
E2F3,MAP3K5,?
E2F3,MAPK10,?
E2F3,MITF,?
E2F3,PLK1,?
E2F4,CCNB2,?
E2F4,CCND1,?
E2F4,CDK2,?
E2F4,E2F2,+
E2F4,FGF2,?
E2F4,STMN1,?
E2F4,KAG9280340.1,-
E2F4,KAG9282298.1,-
E2F4,MAP3K5,?
E2F4,MYBL2,+
E2F4,MYCB,?
E2F4,PLK1,-
E2F4,PLK4,?
E2F4,PPARG,-
E2F4,TOPBP1-A,-
E2F4,TTK,-
E2F5,CHD5,?
E2F5,CSNK1D,?
E2F5,EP400,?
E2F5,FSHR,?
E2F5,GPN3,?
E2F5,KAG9261457.1,?
E2F5,MYCB,?
E2F5,NRBP2,?
E2F5,RNF40,?
E2F5,SCYL1,?
E2F5,SLC12A8,?
E2F5,SUZ12A,?
E2F5,TMEM33,?
E4F1,CCNA1,-
EAF1,ELL,+
EAPP,ABCB11,+
EAPP,CDKN1A,?
EAPP,MAO,-
EGR1,ABCB11,+
EGR1,ACE,+
EGR1,ACHE,?
EGR1,AKR1B1,?
EGR1,ALOX5,+
EGR1,ATF3,+
EGR1,BCAR1,+
EGR1,CACNA1H,?
EGR1,CCND1,+
EGR1,CCND2,?
EGR1,CDK5R1,+
EGR1,CDKN1A,+
EGR1,CGBB,+
EGR1,CXCL8,-
EGR1,DMRT1,?
EGR1,EAPP,+
EGR1,ERBB4,+
EGR1,EP300,+
EGR1,F3,?
EGR1,FASLG,?
EGR1,FGF2,+
EGR1,FLT1,?
EGR1,GDNF,?
EGR1,GGPS1,?
EGR1,HIF1A,+
EGR1,HSD11B2,-
EGR1,IGF2,+
EGR1,IL2RB,?
EGR1,KAG9263770.1,?
EGR1,LDLR,+
EGR1,LMTK2,+
EGR1,MMP24,+
EGR1,MYB,-
EGR1,NAB2,+
EGR1,PCSK2,+
EGR1,PDGFC,+
EGR1,PLAU,+
EGR1,POR,?
EGR1,PPARG,?
EGR1,PSEN2,?
EGR1,PTEN,+
EGR1,PTGES,+
EGR1,PTGS2,-
EGR1,RBL2,+
EGR1,SLC4A2,+
EGR1,SLC9A3,+
EGR1,SOD1,+
EGR1,SOX18,?
EGR1,SYN1,+
EGR1,SYN2,?
EGR1,TBXA2R,?
EGR1,TCF4,+
EGR1,TGFBR2,?
EGR1,TH,?
EGR1,TNF,+
EGR1,TNFSF10,-
EGR1,TOE1,?
EGR1,TP53,+
EGR1,TP73,?
EGR1,UBE2S,+
EGR1,WNT4A,-
EGR2B,FASLG,-
EGR2B,HOXA2B,+
EGR2B,IGF2,?
EGR2B,NAB2,+
EGR2B,PTGS2,?
EGR2B,SCD5,-
EGR2B,ZBTB16A,+
EGR3,CAT,+
EGR3,KAG9263770.1,?
EGR3,NAB2,+
EHF,DCDC2,-
EHMT1,CCND1,?
EHMT2,CDKN1A,?
EHMT2,SIAH2L,-
ELF3,CLDN7A,?
ELF3,MMP9,-
ELF3,PTGS2,?
ELF3,TGFB1,?
ELF3,TGFBR2,+
ELF3,TIMP3,+
ELF4,BRCA2,?
ELF4,CD68,+
ELF4,CYBB,?
ELF4,DLX5A,-
ELF4,ERBB2,?
ELF4,MAB21L2,+
ELF4,MEIS2,+
ELF4,TIE2,+
ELF4,TLR9,?
ELK1,CITED3,?
ELK1,DAP3,?
ELK1,EIF2AK1,+
ELK1,ERBB2,?
ELK1,FOS,?
ELK1,FUT4,?
ELK1,PSEN1,+
ELK1,PTPRZ1,?
ELK1,SRF,?
ELK1,TLR9,?
ELK1,TNFRSF23,+
ELK4,FOS,+
ELK4,NR2C1-B,?
ELL,CDKN1A,-
EMX2,ALX1,+
EMX2,PAX6A,-
EN1,GBX2,-
EN1,PAX5,+
EN1,DMD,-
EN1,WNT7A,-
ENG2B,PAX5,+
ENO1,HSD3B,?
ENO1,MYCB,-
ENO1,PTGS2,?
EOMES,PRF1,?
EOMES,SOX2,-
EP300,ABCB11,?
EP300,CA9,+
EP300,CCNB2,?
EP300,CCND1,?
EP300,CCNE1,+
EP300,CDKN1A,+
EP300,CDKN2B,?
EP300,CRABP1,+
EP300,CREBBP,?
EP300,CXCL8,?
EP300,CYBB,-
EP300,CYP1B1,?
EP300,DNMT1,+
EP300,EIF2AK1,+
EP300,EPO,+
EP300,ERBB2,?
EP300,GFAP,+
EP300,HINFP,+
EP300,IGFBP3,+
EP300,IL12B,+
EP300,KAG9259909.1,?
EP300,KAG9275887.1,?
EP300,KRT19,+
EP300,KAG9280168.1,?
EP300,KAG9282298.1,?
EP300,LAMA3,-
EP300,MGMT,?
EP300,MMP9,+
EP300,MYCB,-
EP300,NR0B2,+
EP300,NR1H4,-
EP300,PARP1,?
EP300,PCNA,-
EP300,PTGS2,+
EP300,SLC9A2,?
EP300,THBD,-
EP300,TP73,+
EP300,VCAM1,+
EP300,XLRS1,?
EP300,YY1,?
EP300,ZEB1,?
EPAS1,CA9,+
EPAS1,CCR7,+
EPAS1,FLT1,+
EPAS1,MMP24,+
EPAS1,PTPRZ1,?
EPAS1,SERPINE1,+
EPAS1,USF2,?
EPOR,CISH,+
ERCC2,BCL2,-
ERCC2,CDKN1A,+
ERCC2,CPD,?
ERCC2,TP53,+
ERF,ETS2,-
ERF,PRL,-
ERF,DMD,-
ESR1,ABCG2,?
ESR1,AHR,?
ESR1,AMH,+
ESR1,BCL2,+
ESR1,BLM,+
ESR1,BMP2,+
ESR1,BTG1,-
ESR1,CASPA,?
ESR1,CCNA1,+
ESR1,CCND1,+
ESR1,CDK4,?
ESR1,CDKN1A,+
ESR1,CHAT,?
ESR1,CRF1,-
ESR1,CRHBP,+
ESR1,CTSD,?
ESR1,CYP19A1,+
ESR1,CYP1B1,?
ESR1,CYP2G1,-
ESR1,ERBB4,?
ESR1,ESR1,?
ESR1,FASLG,+
ESR1,FLT1,?
ESR1,FOS,?
ESR1,GREB1,+
ESR1,HSPB1,+
ESR1,JAK2,?
ESR1,JUN,+
ESR1,JUNB,+
ESR1,KAG9270642.1,?
ESR1,KAG9270647.1,?
ESR1,KRT19,+
ESR1,KAG9280168.1,+
ESR1,KDR,+
ESR1,MMP13,?
ESR1,MTA3,?
ESR1,MYCB,?
ESR1,NR0B2,?
ESR1,NR5A2,?
ESR1,NRF1,+
ESR1,PELP1,?
ESR1,POU3F1,?
ESR1,PPARG,-
ESR1,PTGS1,+
ESR1,RARA,+
ESR1,RUNX2,?
ESR1,SERPINE1,+
ESR1,SLC7A1,?
ESR1,SP1,?
ESR1,TH,+
ESR1,TP53,-
ESR1,TYMS,?
ESR1,UGT2A1,+
ESR1,YWHAB,?
ESR1,ZEB1,+
ESRRG,ATE1,?
ESRRG,ATP6V1C1A,?
ESRRG,BCAS2,?
ESRRG,KAG9268598.1,?
ESRRG,NR0B1,+
ESRRG,RCAN1,?
ESRRG,SLC12A2,?
ESRRG,SLC7A4,?
ETS2,ADAM10,?
ETS2,ADD1,?
ETS2,ANGPT2,+
ETS2,ANPEP,+
ETS2,B4GALT7,?
ETS2,BLMH,?
ETS2,CDH5,?
ETS2,CELSR2,?
ETS2,CSF3R,+
ETS2,CSK,?
ETS2,DAAM2,?
ETS2,DMD,?
ETS2,ERBB4,?
ETS2,EPB41,?
ETS2,ETS2,?
ETS2,ETV6,?
ETS2,EXOC8,?
ETS2,FHOD3,?
ETS2,FOXP3,?
ETS2,GALNT2,?
ETS2,GSK3B,?
ETS2,IKZF1,+
ETS2,IL10,-
ETS2,KAG9260673.1,?
ETS2,KAG9265403.1,?
ETS2,KAG9270684.1,?
ETS2,KAG9277335.1,?
ETS2,KAG9278225.1,?
ETS2,KDR,+
ETS2,KIRREL3,?
ETS2,LONRF2,?
ETS2,MARK1,?
ETS2,MED13,?
ETS2,MET,?
ETS2,MMP13,+
ETS2,MMP25,?
ETS2,MMP9,?
ETS2,NCAM2,?
ETS2,NEBL,?
ETS2,NPR1,+
ETS2,NR2C1-B,?
ETS2,NRCAM,?
ETS2,OPRD1,+
ETS2,PDE11A,?
ETS2,PKN2,?
ETS2,PRDM1,-
ETS2,PTGS2,+
ETS2,RCCD1,?
ETS2,RGS12,?
ETS2,RNF11,+
ETS2,RUNX3,?
ETS2,SPOP,?
ETS2,SPTAN1,?
ETS2,STMN4,?
ETS2,SULF2,?
ETS2,TGFBR2,+
ETS2,THBD,?
ETS2,TLE3B,?
ETS2,TLR4,+
ETS2,TRAF4,?
ETS2,TRIM71,?
ETS2,TUBB4B,?
ETS2,TYMS,?
ETS2,UBE2Q2,?
ETS2,UPP2,?
ETS2,VWF,+
ETS2,CDK1,?
ETS2,CDKN1A,?
ETS2,CGA,+
ETS2,CHRNG,+
ETS2,CXCL8,+
ETS2,EGR1,?
ETS2,IL12B,?
ETS2,LCK,+
ETS2,MMP2,?
ETS2,MMP9,+
ETS2,MYCB,?
ETS2,PDE7A,?
ETS2,TLR9,?
ETS2,TP53,?
ETS2,VWF,?
ETV4,CCND2,+
ETV4,ERBB2,-
ETV4,KAG9266431.1,?
ETV4,MMP24,+
ETV4,MMP2,?
ETV4,PTGS2,+
ETV4,SYN2,?
ETV4,TGFBR2,?
ETV4,TIMP2,?
ETV4,TNF,?
ETV4,VIM,+
ETV5,MMP2,?
ETV6,TGFBR1,?
ETV6,ADAM10,?
ETV6,ADD1,?
ETV6,ALDH5A1,?
ETV6,APIP,?
ETV6,ATP10D,?
ETV6,BICDL1,?
ETV6,CAMTA2,?
ETV6,CD82,?
ETV6,CDK14,?
ETV6,CDKN1A,+
ETV6,CELSR2,?
ETV6,CNTNAP2,?
ETV6,CSK,?
ETV6,CSNK1G2,?
ETV6,DAAM2,?
ETV6,DAGLA,?
ETV6,DCHS1,?
ETV6,DMD,?
ETV6,ERBB4,?
ETV6,EPB41,?
ETV6,ETS2,?
ETV6,ETV6,?
ETV6,FHOD3,?
ETV6,FNBP1,?
ETV6,FYNA,?
ETV6,GAS2,-
ETV6,IGFBP5,+
ETV6,IHHB,?
ETV6,KAG9265403.1,?
ETV6,KAG9268563.1,?
ETV6,KAG9268614.1,?
ETV6,KAG9277335.1,?
ETV6,KAG9278225.1,?
ETV6,KIF1C,?
ETV6,KIRREL3,?
ETV6,KLHDC10,?
ETV6,KY,?
ETV6,LHFPL3,?
ETV6,MAD2L1,-
ETV6,MARK1,?
ETV6,MBNL2A,?
ETV6,MCM5,?
ETV6,MED13,?
ETV6,MMP25,?
ETV6,MPP2,?
ETV6,MYO7A,?
ETV6,NCAM2,?
ETV6,NEBL,?
ETV6,NEURL1,?
ETV6,NRCAM,?
ETV6,PDE11A,?
ETV6,PKN2,?
ETV6,PPM1L,?
ETV6,PTBP3,?
ETV6,PYGM,?
ETV6,RGS12,?
ETV6,SLC35F6,?
ETV6,SLCO5A1,?
ETV6,SPOP,?
ETV6,SPTAN1,?
ETV6,SPTBN5,?
ETV6,SULF2,?
ETV6,TANC2,?
ETV6,TMOD4,?
ETV6,TRAF4,?
ETV6,TRIM71,?
ETV6,TUBB4B,?
ETV6,UAP1,?
ETV6,UBE2Q2,?
EVX1,GSC,-
FHL2,CCND1,-
FHL2,CDKN1A,+
FHL2,KAG9259909.1,?
FMR1-A,RAC2,-
FOS,ACTBA,?
FOS,CCK,+
FOS,CCND1,-
FOS,CLU,-
FOS,CXCL8,?
FOS,ERCC4,+
FOS,FGFBP1,?
FOS,FOS,-
FOS,FOXA1,?
FOS,GSTM3,?
FOS,KAG9263052.1,?
FOS,KAG9266355.1,+
FOS,KAG9277111.1,?
FOS,KAG9280419.1,+
FOS,LRIG2,?
FOS,MELTF,?
FOS,MMP9,+
FOS,MYCB,-
FOS,NEFL,+
FOS,NGF,?
FOS,NOS2,+
FOS,NPY,?
FOS,NTF3,?
FOS,NTS,?
FOS,PDHA1,?
FOS,PLAU,?
FOS,PTGS2,+
FOS,SLC10A2,-
FOS,SOX7,+
FOS,SPI1,-
FOS,STAR,?
FOS,TP53,?
FOS,VEGFD,?
FOSB,CXCL8,+
FOSB,MMP2,?
FOSB,TGFB1,?
FOSL2,BCL6,+
FOSL2,CCR4,+
FOSL2,CLU,?
FOSL2,MYB,+
FOSL2,NOS2,+
FOSL2,RELB,+
FOSL2,TGFB1,+
FOSL2,UGT2A1,+
FOXA1,ABCA1,-
FOXA1,APOB,+
FOXA1,BCL2,-
FOXA1,CCNG2,?
FOXA1,CFTR,-
FOXA1,ESR1,?
FOXA1,KAG9276105.1,?
FOXA1,MYCB,?
FOXA1,NF1,+
FOXA1,NKX2-1,?
FOXA1,RPRMB,-
FOXA1,SERPINC1,-
FOXA1,UGT2A1,+
FOXA2,ABCA1,-
FOXA2,CCL20,-
FOXA2,CDC73,?
FOXA2,CFTR,-
FOXA2,GFER,?
FOXA2,GLI2,?
FOXA2,HADH,+
FOXA2,HELT,-
FOXA2,HHEX,?
FOXA2,KAG9263746.1,+
FOXA2,KAG9276105.1,?
FOXA2,KAG9280174.1,-
FOXA2,LMX1B,+
FOXA2,NKX2-1,?
FOXA2,NR5A2,+
FOXA2,PDX1,+
FOXA2,SERPINC1,-
FOXA2,SOX14,+
FOXA2,SOX2,-
FOXA2,ST18,?
FOXA2,TCF7L2,?
FOXA2,TPO,+
FOXC1A,FGF19,+
FOXC1A,FOXO1B,?
FOXD3-A,CYFIP2,+
FOXD3-A,MITF,-
FOXD3-A,NDRG3,+
FOXD3-A,RARB,+
FOXD3-A,RND3,?
FOXE1,KAG9263746.1,+
FOXE1,TPO,?
FOXF2,ITGB1,-
FOXF2,KAG9267963.1,+
FOXF2,PDGFA,-
FOXF2,WASF2,+
FOXG1,CDKN1A,-
FOXH1,CTCF,?
FOXI1E,CFTR,-
FOXI1E,SLC26A4,?
FOXK2,SIN3A,?
FOXL2,CCND2,-
FOXL2,CGBA,+
FOXL2,CYP11A1,-
FOXL2,CYP19A1,-
FOXL2,STAR,-
FOXM1,IKBKB,?
FOXM1,KAG9269893.1,+
FOXM1,LAMA4,+
FOXM1,NFKB2,?
FOXM1,NR4A2,?
FOXM1,PSAP,?
FOXM1,PTGS2,?
FOXM1,SOX2,?
FOXN4,DLL4,+
FOXN4,PANK1,?
FOXO1B,ADIPOR1,+
FOXO1B,ANGPT2,?
FOXO1B,BCL2L11,?
FOXO1B,CASP8,+
FOXO1B,CCL20,?
FOXO1B,CCND1,-
FOXO1B,CCND2,-
FOXO1B,CCNG2,+
FOXO1B,CCR4,?
FOXO1B,CDKN1A,+
FOXO1B,CGBA,-
FOXO1B,CGBB,?
FOXO1B,EDN1,?
FOXO1B,EGR1,-
FOXO1B,FASLG,?
FOXO1B,FOXA2,?
FOXO1B,FOXP3,?
FOXO1B,GCK,-
FOXO1B,HYOU1,?
FOXO1B,IGFBP1,+
FOXO1B,IKZF1,+
FOXO1B,INS,-
FOXO1B,IRS2,?
FOXO1B,KAG9260765.1,+
FOXO1B,KLF2,?
FOXO1B,KLF4,?
FOXO1B,LPL,+
FOXO1B,MMP13,?
FOXO1B,NEUROG1,?
FOXO1B,NKX6-1,?
FOXO1B,NLK.2,?
FOXO1B,PCK1,-
FOXO1B,PDGFA,?
FOXO1B,PDK3,+
FOXO1B,PDX1,-
FOXO1B,PPARG,-
FOXO1B,PRL,?
FOXO1B,RAG1,?
FOXO1B,TNFSF10,+
FOXO1B,TXNIP,-
FOXO1B,ABCG2,?
FOXO1B,BCR,?
FOXO1B,ACTBA,?
FOXO1B,ADAM10,?
FOXO1B,AP1G1,?
FOXO1B,AP1S2,?
FOXO1B,ARID1B,?
FOXO1B,KAG9263595.1,?
FOXO1B,ATP10D,?
FOXO1B,ATP6V1C1A,?
FOXO1B,TLL1,?
FOXO1B,BMP2,?
FOXO1B,BMPR1B,?
FOXO1B,BRD2,?
FOXO1B,PHIP,?
FOXO1B,BTBD3,?
FOXO1B,CAMTA2,?
FOXO1B,CAP1,?
FOXO1B,CHD,?
FOXO1B,CHD5,?
FOXO1B,CLASP1B,?
FOXO1B,CNTN3,?
FOXO1B,CSNK1D,?
FOXO1B,CTBP1,?
FOXO1B,CTNNB1,?
FOXO1B,DCHS1,?
FOXO1B,DDX39A,?
FOXO1B,DENND4A,?
FOXO1B,DMD,?
FOXO1B,DMXL1,?
FOXO1B,DPH6,?
FOXO1B,ERBB4,?
FOXO1B,EIF4G2,?
FOXO1B,EP400,?
FOXO1B,EPB41,?
FOXO1B,EPS8,?
FOXO1B,ESRP2,?
FOXO1B,EZH1,?
FOXO1B,FBXL14,?
FOXO1B,FJX1,?
FOXO1B,FLNB,?
FOXO1B,FOXO1B,?
FOXO1B,FURIN,?
FOXO1B,FXR1,?
FOXO1B,FZD5,?
FOXO1B,GALNT1,?
FOXO1B,GDI1,?
FOXO1B,GPC6,?
FOXO1B,GPC5,?
FOXO1B,GRK6,?
FOXO1B,GSK3B,?
FOXO1B,HDLBP,?
FOXO1B,HNRNPA1,?
FOXO1B,HNRNPDL,?
FOXO1B,IHHB,?
FOXO1B,INO80,?
FOXO1B,ITGA7,?
FOXO1B,KAG9260001.1,?
FOXO1B,KAG9260364.1,?
FOXO1B,KAG9260673.1,?
FOXO1B,KAG9262278.1,?
FOXO1B,KAG9263052.1,?
FOXO1B,KAG9263699.1,?
FOXO1B,KAG9266355.1,?
FOXO1B,KAG9266470.1,?
FOXO1B,KAG9276246.1,?
FOXO1B,KAG9277335.1,?
FOXO1B,KAG9278225.1,?
FOXO1B,KAG9280552.1,?
FOXO1B,KAG9282529.1,?
FOXO1B,KAG9283030.1,?
FOXO1B,KALRN,?
FOXO1B,KHDRBS3,?
FOXO1B,KIF1C,?
FOXO1B,KIF2A,?
FOXO1B,LAMA1,?
FOXO1B,LAMA5,?
FOXO1B,LAMB2,?
FOXO1B,LAMC1,?
FOXO1B,LETM1,?
FOXO1B,LMNB2,?
FOXO1B,LRP1,?
FOXO1B,LRP5,?
FOXO1B,MACO1A,?
FOXO1B,MAGI1,?
FOXO1B,MAP4K4,?
FOXO1B,MARK1,?
FOXO1B,MED13,?
FOXO1B,MED14,?
FOXO1B,MEN1,?
FOXO1B,MFFB,?
FOXO1B,MIB1,?
FOXO1B,MPP2,?
FOXO1B,RDX,?
FOXO1B,MYLIPB,?
FOXO1B,MYO15A,?
FOXO1B,NEBL,?
FOXO1B,NECAP2,?
FOXO1B,NEDD4L,?
FOXO1B,NOS1AP,?
FOXO1B,NRCAM,?
FOXO1B,PAPOLG,?
FOXO1B,PAQR3,?
FOXO1B,PCSK6,?
FOXO1B,PDE11A,?
FOXO1B,PKN2,?
FOXO1B,PNPLA7,?
FOXO1B,PPP2R2A,?
FOXO1B,PPP4R3B,?
FOXO1B,PRKG1,?
FOXO1B,PSMC4,?
FOXO1B,PTBP3,?
FOXO1B,QKI-B,?
FOXO1B,ROCK1,?
FOXO1B,RPS6KA5,?
FOXO1B,SCYL1,?
FOXO1B,SF3B4,?
FOXO1B,SIN3A,?
FOXO1B,SPRED1,?
FOXO1B,SPTBN5,?
FOXO1B,SSBP2,?
FOXO1B,STAT5B,?
FOXO1B,SULF2,?
FOXO1B,TANC2,?
FOXO1B,TCERG1,?
FOXO1B,TENM4,?
FOXO1B,TES,?
FOXO1B,TFDP1,?
FOXO1B,TLE3B,?
FOXO1B,TM9SF4,?
FOXO1B,TMEM35A,?
FOXO1B,TOP1,?
FOXO1B,TRAK1,?
FOXO1B,TTC28,?
FOXO1B,UBC,?
FOXO1B,UBE2Q2,?
FOXO1B,UHRF1BP1L,?
FOXO1B,USP9X,?
FOXO1B,WDR7,?
FOXO1B,WNT3A,?
FOXO1B,WWP1,?
FOXO3,CCND1,-
FOXO3,CCND2,-
FOXO3,CCNG2,+
FOXO3,CDKN1A,+
FOXO3,GADD45G,+
FOXO1B,BCL6,+
FOXO1B,CREB1,+
FOXO1B,GADD45G,+
FOXO1B,HIF1A,-
FOXO1B,PSMD11B,?
FOXO1B,RBL2,+
FOXP1B,FGF16,+
FOXP1B,FGF3,+
FOXP1B,FGF9,+
FOXP1B,LHX3,?
FOXP3,B23,+
FOXP3,CCR4,+
FOXP3,CD28,+
FOXP3,CDKN1A,?
FOXP3,ERBB2,?
FOXP3,IL10,?
FOXP3,NFKB1,?
FOXP3,SATB1,?
FOXP3,TNFRSF18,+
KHSRP,CDKN1A,?
KHSRP,MYCB,?
FUBP3,FGF9,?
GABPA,ERBB2,?
GABPA,GUCY1B1,?
GABPA,KAG9277111.1,?
GABPA,PPP1R14B,?
GABPA,RPS3A,?
GABPA,TOMM70,+
GABPA,TRPC5,?
GABPB1,KAG9277111.1,?
GABPB1,SOD3,+
GATA2,AGGF1,+
GATA2,ALAS2,?
GATA2,ANGPT2,+
GATA2,HBB2,?
GATA2,BACH1,+
GATA2,CBFB,-
GATA2,CDA,+
GATA2,CEBPA,-
GATA2,CGA,?
GATA2,COPS5,?
GATA2,CYBB,+
GATA2,DICER1,+
GATA2,DPYSL2,?
GATA2,EPO,+
GATA2,EPOR,+
GATA2,FCER1G,+
GATA2,FURIN,?
GATA2,GATA2,+
GATA2,GFI1B,?
GATA2,GP1BB,+
GATA2,GP9,+
GATA2,KAG9280087.1,?
GATA2,IL1RL1,?
GATA2,ITGA2B,?
GATA2,KAG9266670.1,+
GATA2,KAG9263709.1,?
GATA2,KAG9266355.1,+
GATA2,MPL,+
GATA2,NKX6-1,?
GATA2,PTGFR,-
GATA2,RC3H1,+
GATA2,SPI1,-
GATA2,TAL1,?
GATA2,TBXA2R,+
GATA2,TSHB,?
GATA2,USP42,?
GATA2,ZBTB7A,?
GATA3,DLC1,+
GATA3,EPO,-
GATA3,EPOR,?
GATA3,ESR1,?
GATA3,FOXC1A,-
GATA3,FOXP3,?
GATA3,FUT7,?
GATA3,GATA3,?
GATA3,HSD17B1,-
GATA3,IL10,+
GATA3,IL12RB2,-
GATA3,KAG9259909.1,?
GATA3,LOX,-
GATA3,RAG2,+
GATA3,RUNX3,-
GATA3,STAT4,-
GATA3,TCF7L2,?
GATA3,TGFBR3,?
GATA3,TIE2,+
GATA3,ZEB1,+
GATA4,AMH,+
GATA4,CCND2,+
GATA4,CYP17A1,?
GATA4,ERBB2,-
GATA4,FABP2,+
GATA4,FGF10,?
GATA4,IAPP,+
GATA4,MGAM,+
GATA4,SGPL1,?
GATA4,STAR,?
GATA5-A,SLC5A1,?
GATA6-A,CAV1,-
GATA6-A,CYP11A1,+
GATA6-A,CYP17A1,+
GATA6-A,DKK1,?
GATA6-A,PLAU,-
GATA6-A,VWF,?
GBX2,LHX9,-
GBX2,LMO3,-
GBX2,IHHB,+
GBX2,SHHA,+
GCM2,CASR,+
GFI1,CDKN1A,?
GFI1,CDKN2B,-
GFI1,CYP27B1,-
GFI1,GFI1B,?
GFI1,GUCY1B1,?
GFI1,NF1,?
GFI1,SPI1,-
GFI1,ZBTB16A,?
GFI1B,ELF4,-
GFI1B,GFI1,?
GFI1B,GFI1B,?
GFI1B,RAG1,+
GFI1B,RAG2,+
GLI1,AKT1,?
GLI1,BCL2,+
GLI1,BHLHE41,+
GLI1,CDK2,+
GLI1,EGR2B,-
GLI1,JUN,?
GLI1,KAG9263052.1,?
GLI1,PDGFRA,+
GLI1,SFRP1,+
GLI1,SOCS1,+
GLI1,SOX9,?
GLI1,TNFRSF23,-
GLI2,BCL2,+
GLI2,BHLHE41,?
GLI2,BMP2,+
GLI2,FGF19,?
GLI2,FKBP8,?
GLI2,FOXA2,?
GLI2,FOXE1,-
GLI2,FOXF1,+
GLI2,FSTA,+
GLI2,IFITM5,+
GLI2,JUN,?
GLI2,KAG9280174.1,+
GLI2,MYF-5,+
GLI2,NDP,?
GLI2,PAX3-A,+
GLI2,PDGFRA,+
GLI2,IHHB,?
GLI2,SHHA,?
GLI2,SOCS1,+
GLI2,TNFRSF23,-
GLI2,WNT3A,+
GLI3,KAG9280194.1,+
GLI3,VMP1,+
GLIS3,NEUROG3,+
GRIN1,KAG9272942.1,+
GTF2B,HSPB1,?
GTF2F1,BGLAP,?
GTF2H1,KEAP1B,+
GTF2IRD1,CSRP2,-
GTF2IRD1,FOLR1,-
GTF2IRD1,TGFB2,+
GTF2IRD1,TGFBR2,-
GTF3A,ADM,?
GTF3A,BAG3,+
GTF3A,TAF15,?
GZF1,HOXA10B,-
HAND1,DHRS11,?
HAND1,NOCT,?
HAND1,PRKCD,?
HAND1,PTPN2,?
HAND1,DBH,+
HAND1,DLX5A,-
HAND1,DLX6A,-
HAND1,GATA4,?
HAND1,KAG9263746.1,?
HAND1,PHOX2A,+
HAND1,PHOX2B,+
HAX1,ATP2A2,-
HBP1,CDKN1A,-
HBP1,DNMT1,-
HBP1,MIF,-
HBP1,NCF1,-
HDAC1,ABCB11,-
HDAC1,AKAP12,-
HDAC1,ALOX5,+
HDAC1,APAF1,-
HDAC1,BMP7,-
HDAC1,BRCA2,-
HDAC1,CAD,?
HDAC1,CCL11,?
HDAC1,CCND1,+
HDAC1,CCND2,-
HDAC1,CCNE1,-
HDAC1,CD82,-
HDAC1,CDC25A,-
HDAC1,CDKN1A,-
HDAC1,CLDN7A,+
HDAC1,CXCL8,-
HDAC1,CYP3A30,?
HDAC1,DNMT1,-
HDAC1,ERBB4,-
HDAC1,EGR1,-
HDAC1,EIF2AK1,-
HDAC1,ESR1,-
HDAC1,FOS,-
HDAC1,GAD1,-
HDAC1,GRIN2B,+
HDAC1,GRM2,?
HDAC1,H2-AA,-
HDAC1,HSPA5,-
HDAC1,IGFBP3,+
HDAC1,ITA,+
HDAC1,JUN,?
HDAC1,KAG9266355.1,?
HDAC1,KAG9267963.1,-
HDAC1,KAG9280168.1,?
HDAC1,KLF4,-
HDAC1,MGMT,?
HDAC1,MMP9,-
HDAC1,MYCB,?
HDAC1,PCNA,-
HDAC1,PPARG,?
HDAC1,PSIP1,?
HDAC1,PTGS2,+
HDAC1,RARB,-
HDAC1,RBL2,?
HDAC1,RECK,+
HDAC1,RECQL4,-
HDAC1,RELN,-
HDAC1,RHOB,-
HDAC1,SFRP1,?
HDAC1,SMARCA2,?
HDAC1,SNAI2,-
HDAC1,SP1,-
HDAC1,STAR,?
HDAC1,STAT3,?
HDAC1,TACSTD1,?
HDAC1,TGFBR2,-
HDAC1,THBS4,?
HDAC1,TJP1,-
HDAC1,TNFSF10,-
HDAC1,TP53,-
HDAC1,TP63,?
HDAC1,TXNIP,-
HDAC11,IL10,-
HDAC11,MYCB,?
HDAC11,TNF,-
HDAC3,ALOX5,+
HDAC3,ERBB4,?
HDAC3,GAS2,-
HDAC3,JUN,-
HDAC3,KAG9268140.1,-
HDAC3,KAG9271616.1,?
HDAC3,LGALS9,?
HDAC3,MMP2,-
HDAC3,MYCB,-
HDAC3,TLR9,?
HDAC3,TNF,?
HDAC5,FGF2,-
HDAC5,IGF2,?
HDAC5,KAG9260001.1,-
HDAC5,MEF2C,-
HDAC5,SLC2A1,+
HDAC5,SLC2A1,-
HDAC5,YY1,+
HES1-A,HTR7,?
HES1-A,KAG9280174.1,-
HES1-A,KAG9283639.1,+
HES1-A,PTEN,-
HES1-A,PTGDS,-
HES6,HTR7,?
HES6,KAG9280174.1,-
HEXIM,CCND1,-
HEY1,ACTA2,-
HEY1,BMP2,-
HEY1,GATA4,-
HEY1,GATA6-A,-
HEY1,KDR,-
HEY1,OCLN,+
HEY1,PROX1,-
HEY2,ACTA2,-
HEY2,GATA4,-
HEY2,GATA6-A,-
HGF,MET,+
HHEX,SLC5A5,+
HIC1,ACKR3,-
HIC1,EPHA2,-
HIC1,MYCB,-
HIC1,STAT3,+
HIC1,VLDLR,-
HIF1A,ABCB11,-
HIF1A,ACE,+
HIF1A,ACE2,-
HIF1A,ALAS2,+
HIF1A,ALDOCB,+
HIF1A,ALOX5AP,?
HIF1A,ARNT2,?
HIF1A,ASS1,+
HIF1A,BNIP3,+
HIF1A,CA9,+
HIF1A,CCND1,-
HIF1A,CCR7,+
HIF1A,E2F3,+
HIF1A,EDN1,+
HIF1A,ENO1,+
HIF1A,EPO,+
HIF1A,ERCC2,?
HIF1A,FAM162B,?
HIF1A,FGF2,+
HIF1A,GAPDH,?
HIF1A,GCK,?
HIF1A,HBEGF,+
HIF1A,HIF1A,-
HIF1A,ITGB2,+
HIF1A,KAG9266431.1,?
HIF1A,LDHA,+
HIF1A,LOX,?
HIF1A,MET,+
HIF1A,MIF,+
HIF1A,MMP2,+
HIF1A,NR4A1,+
HIF1A,NT5E,+
HIF1A,PFKFB4,?
HIF1A,PGK1,+
HIF1A,PIK3CA,?
HIF1A,PLAU,?
HIF1A,PPARA,?
HIF1A,PPP1R3CB,?
HIF1A,PTGES,+
HIF1A,RECK,-
HIF1A,RORAA,+
HIF1A,SERPINE1,?
HIF1A,SETD2,+
HIF1A,SLC29A1,-
HIF1A,SLC2A1,+
HIF1A,SOCS1,+
HIF1A,STAT3,?
HIF1A,TGFB3,+
HIF1A,TIMP2,+
HIF1A,TLR1,?
HIF1A,TLR2-2,?
HIF1A,TUBB4B,?
HIF1A,TWIST2,?
HIF1A,VHL,?
HIF1A,VIM,+
HIF1A,WASF3,+
HIF1A,XPC,+
HIF1A,ZNF217,+
HINFP,MBD2,-
HIPK2,ABCB11,?
HIPK2,CDKN1A,+
HIPK2,CTBP1,?
HIPK2,HIF1A,-
HIPK2,TP53,?
HIPK2,VIM,-
HIRA,PLB1,-
HIVEP2,H2-L,?
HIVEP2,KAG9261548.1,?
HIVEP2,PPARG,+
HLF,COPG2,?
HLF,GCK,?
HLF,HLF,?
HLF,HSD17B10,?
HLF,HSD3B7,?
HLF,KAG9275156.1,?
HLF,MRPL17,?
HLF,MRPS9,?
HLF,PA2G4,?
HLF,PRKACA,?
HLF,PSAT1,?
HLF,RAB10,?
HLF,TOB1,?
HLF,WDR83OS,?
HLTF,HERC2,?
HLX,BTG1,?
HMG20B,BRCA2,?
HMGA1,CRYAB,?
HMGA1,IL1B,?
HMGA1,INSR,+
HMGA1,PTGS2,+
HMGA1,RAG2,?
HMGA1,SLC2A1,+
HMGA1,SP1,?
HMGA1,TP53,?
HMGB1,GFI1B,+
HMGB1,TNF,+
HMGN3,SLC2A2,?
HNF1A,ACAT2,+
HNF1A,CYP27A1,+
HNF1A,CYP2G1,-
HNF1A,CYP3A30,+
HNF1A,CYP7A1,-
HNF1A,CYP7B1,+
HNF1A,CYP8B1,-
HNF1A,FABP1,?
HNF1A,GLB1,?
HNF1A,GPR39,?
HNF1A,GUCA2A,+
HNF1A,IGFBP1,+
HNF1A,LCT,+
HNF1A,MTTP,+
HNF1A,NT5E,?
HNF1A,PCK1,+
HNF1A,PRDM1,-
HNF1A,PXN1,?
HNF1A,TM4SF1,-
HNF1A,UGT1A5,+
HNF1A,UGT2A1,+
HOXA10B,BHLHE22,+
HOXA10B,EMX2,+
HOXA10B,ID2,+
HOXA10B,IGFBP1,+
HOXA10B,ITGB3,?
HOXA10B,KAG9269893.1,-
HOXA10B,TP53,+
HOXA11B,MYOD1,-
HOXA11B,HOXA10B,-
HOXA1A,BCL2,+
HOXA1A,CCND1,+
HOXA1A,EPAS1,?
HOXA1A,EPHA2,+
HOXA1A,MYCB,+
HOXA1A,PCNA,?
HOXA3A,HOXD3A,?
HOXB1,TCF4,-
HOXB13A,TCF4,-
HOXC11A,LCT,?
HOXC11A,S100B,?
HOXC13A,SPI1,-
HOXC6A,IGFBP3,-
HOXC6A,MME,-
HOXC9A,HOXB8A,-
HOXD3A,ITGA5,?
HOXD3A,ITGAV,?
HOXD3A,ITGB1,?
HOXD3A,ITGB3,?
HOXD3A,PLAU,?
HSF2,FOS,?
HSF2,HIF1A,?
HSF2,HSPA4,+
HSF2,MAP2K4,-
HSF2,MAPK10,-
HTATIP2,KAG9280168.1,-
HTATIP2,MMP2,-
ID2,KAG9269893.1,+
ID3,KAG9260765.1,-
ID3,KAG9261813.1,-
ID3,SMARCC1,-
ID4,SOX2,?
IKBKB,CCL19,+
IKBKB,CXCL11.6,+
IKBKB,CXCL8,+
IKBKB,NFKB1,+
IKBKB,PTGS2,+
IKZF1,IL10,?
IKZF1,KAG9261813.1,?
IKZF1,KAG9269729.1,-
IKZF1,OPRD1,?
IKZF1,OPRK1,-
IKZF1,RAG1,?
ILF2,ILF3,?
ILF3,CCNE1,+
ILF3,H2-AA,-
ILF3,KAG9270537.1,?
ILF3,KAG9274907.1,?
ILF3,PLAU,+
ILK,MMP9,+
ING2,BCL2,-
ING2,MMP13,+
INSM1A,GATA2,+
INSM1A,LMX1B,+
INSM1A,TPH2,+
IRF1,BCL2,-
IRF1,CASP7,+
IRF1,CCNB2,-
IRF1,CCNE1,-
IRF1,CD40,+
IRF1,CDK1,-
IRF1,CDK2,-
IRF1,CDK4,-
IRF1,CDKN1A,-
IRF1,CIITA,+
IRF1,CYBB,+
IRF1,ERAP2,?
IRF1,FASLG,?
IRF1,FOXP3,-
IRF1,IL10,+
IRF1,IL12B,?
IRF1,IRF2,+
IRF1,KAG9261548.1,+
IRF1,MACF1,-
IRF1,MMP9,?
IRF1,MYB,-
IRF1,OGN,?
IRF1,POLH,?
IRF1,PSMB9,+
IRF1,SOCS1,+
IRF1,SOCS2,+
IRF1,TAP1,+
IRF1,TNFSF10,+
IRF1,TP53,?
IRF1,VCAM1,?
IRF2,CIITA,+
IRF2,ERAP2,?
IRF2,MACF1,-
IRF2,TAP1,+
IRF3,ATF4,+
IRF3,IFNA3,+
IRF3,KAG9279072.1,?
IRF3,NR1H4,?
IRF3,SOCS2,+
IRF3,USP18,+
IRF4,BCL6,-
IRF4,CD68,-
IRF5,PRDM1,+
IRF5,TNF,?
IRF6,NECTIN4,+
IRF6,NR1H4,?
IRF8,BCR,?
IRF8,CD68,-
IRF8,CDKN2B,+
IRF8,CFLAR,?
IRF8,CYBB,+
IRF8,GAS2,-
IRF8,IL10,?
IRF8,IL1B,+
IRF8,NF1,+
IRF8,SPI1,?
IRF8,TLR3,-
IRF8,TLR4,?
IRX3,GJA1,-
ISL1,AUH,?
ISL1,TLL1,?
ISL1,CDK14,?
ISL1,DDX31,?
ISL1,EML1,?
ISL1,ERCC2,?
ISL1,FGF10,?
ISL1,INPP1,?
ISL1,IPO7,?
ISL1,ISL1,?
ISL1,ITGA8,?
ISL1,KAG9260001.1,?
ISL1,KAG9268563.1,?
ISL1,KAG9268821.1,?
ISL1,KCNH4,?
ISL1,KIRREL3,?
ISL1,LHX1A,?
ISL1,LHX6,?
ISL1,LRMDA,?
ISL1,NCAM2,?
ISL1,NOMO1,?
ISL1,PAX7,?
ISL1,RFNG,?
ISL1,SLC7A6,?
ISL1,TLX3,?
ISL1,TMOD4,?
ISL1,TRIM9,?
ISL1,UBA1,?
ISL1,WNT1,?
JARID2B,MYL7,?
JAZF1,MYF6,-
JDP2,ATF3,-
JMJD1C,CYP17A1,+
JUN,ABCB11,+
JUN,ACTBA,?
JUN,ALOX12,?
JUN,ANGPT2,+
JUN,ASAH1,?
JUN,ATF3,+
JUN,B4GALNT1,+
JUN,BMP2,?
JUN,CA1,?
JUN,CAHZ,?
JUN,CAT,+
JUN,CCK,+
JUN,CCL11,+
JUN,CCND1,+
JUN,CCND2,+
JUN,CD82,+
JUN,CDK5R1,?
JUN,CDKN1A,-
JUN,CRF1,-
JUN,CTSE,?
JUN,CTSK,+
JUN,CTSL,+
JUN,CXCL8,+
JUN,CYP11A1,+
JUN,CYP19A1,-
JUN,CYP2J6,?
JUN,DDX21,?
JUN,EDN1,?
JUN,ERBB4,+
JUN,ESR1,?
JUN,ETS2,?
JUN,F3,?
JUN,FASLG,?
JUN,FGF7,?
JUN,GCLC,+
JUN,GJA1,+
JUN,GSTM3,?
JUN,HEY1,+
JUN,IL12B,+
JUN,IL1B,?
JUN,IL5RA,?
JUN,ITGAX,?
JUN,ITGB8,?
JUN,JUN,+
JUN,KAG9266355.1,+
JUN,KAG9276480.1,+
JUN,KAG9277111.1,?
JUN,KRT19,+
JUN,KAG9279812.1,?
JUN,LDHA,+
JUN,MAF,+
JUN,MAP3K1,?
JUN,MAPK10,+
JUN,MAT2A,+
JUN,MEF2D,+
JUN,MELTF,?
JUN,MET,+
JUN,MGMT,?
JUN,MMP13,+
JUN,MMP19,?
JUN,MMP2,+
JUN,MMP20,?
JUN,MMP9,+
JUN,MYB,?
JUN,MYCB,-
JUN,MYOD1,-
JUN,NAMPT,+
JUN,NCK2,?
JUN,NECTIN2,?
JUN,NEFL,+
JUN,NEIL1,+
JUN,NFE2L2,-
JUN,NFKB1,+
JUN,NFKB2,?
JUN,NGF,?
JUN,NOS2,+
JUN,NOX5,+
JUN,NPY,?
JUN,NTS,?
JUN,PDHA1,?
JUN,PDK3,?
JUN,PENK,+
JUN,PHEX,?
JUN,PLAU,?
JUN,PLAUR,?
JUN,PLIN2,?
JUN,POLD2,?
JUN,PPARA,?
JUN,PPARD,+
JUN,PPP1R3B,+
JUN,PRDM1,?
JUN,PSAP,-
JUN,PTGS2,+
JUN,PTN-A,+
JUN,RARA,-
JUN,RARB,+
JUN,RARG,-
JUN,RELB,+
JUN,REN,?
JUN,RHOB,+
JUN,RUNX2,?
JUN,SERPINE1,+
JUN,SLC19A1,?
JUN,SLC2A1,+
JUN,SMN1,-
JUN,SOX7,+
JUN,SPI1,+
JUN,FYNA,?
JUN,SRXN1,+
JUN,STAR,?
JUN,SYK,?
JUN,TGFB1,+
JUN,TIMP2,?
JUN,TNF,+
JUN,TP53,-
JUN,TP73,?
JUN,TPR,?
JUN,UGT2A1,+
JUN,VCAM1,+
JUN,VDRA,+
JUN,VEGFD,?
JUN,WEE1-B,?
JUNB,CCND1,-
JUNB,CD82,+
JUNB,CDKN1A,?
JUNB,CLU,?
JUNB,CTSK,+
JUNB,ERBB4,+
JUNB,FOXP3,+
JUNB,IL1B,?
JUNB,KAG9263052.1,?
JUNB,MMP2,?
JUNB,MYL9,+
JUNB,PTGS2,+
JUNB,SERPINE1,+
JUND,BCL6,+
JUND,CCND1,+
JUND,CCR4,+
JUND,CDKN1A,?
JUND,CLU,?
JUND,ERBB2,?
JUND,F3,?
JUND,FGFBP1,?
JUND,GADD45G,+
JUND,ITGAV,-
JUND,ITGB3,-
JUND,JUN,?
JUND,MMP2,?
JUND,MYB,+
JUND,NOS2,+
JUND,NTS,?
JUND,PTGS2,+
JUND,SOX11-B,+
JUND,TGFB1,?
KAG9259909.1,ABCA1,-
KAG9259909.1,ABCB11,+
KAG9259909.1,ABCG2,+
KAG9259909.1,ADORA1,+
KAG9259909.1,ADORA2A,?
KAG9259909.1,AGT,?
KAG9259909.1,AKT1,-
KAG9259909.1,ALOX5,-
KAG9259909.1,ALOX5AP,?
KAG9259909.1,AMH,+
KAG9259909.1,BCL2,+
KAG9259909.1,BCL2L11,-
KAG9259909.1,BGN,+
KAG9259909.1,BHMT,-
KAG9259909.1,BMP2,+
KAG9259909.1,BRCA2,+
KAG9259909.1,BTG1,?
KAG9259909.1,CARM1,?
KAG9259909.1,CASP3,?
KAG9259909.1,CCK,?
KAG9259909.1,CCL11,+
KAG9259909.1,CCL13,+
KAG9259909.1,CCL19,?
KAG9259909.1,CCL20,+
KAG9259909.1,CCNB2,+
KAG9259909.1,CCND1,+
KAG9259909.1,CCND2,+
KAG9259909.1,CCR4,?
KAG9259909.1,CCR5,?
KAG9259909.1,CCR7,+
KAG9259909.1,CD38,?
KAG9259909.1,CD40,+
KAG9259909.1,CDK4,+
KAG9259909.1,CDKN1A,+
KAG9259909.1,CFLAR,+
KAG9259909.1,CFTR,+
KAG9259909.1,CRHR1,+
KAG9259909.1,CSMD3,?
KAG9259909.1,CSNK2A1,?
KAG9259909.1,CTSB,+
KAG9259909.1,CXCL8,+
KAG9259909.1,CXCR1,+
KAG9259909.1,CYP19A1,-
KAG9259909.1,CYP27B1,?
KAG9259909.1,CYP3A30,?
KAG9259909.1,EBI3,+
KAG9259909.1,EDN1,?
KAG9259909.1,ERBB4,+
KAG9259909.1,EGR1,-
KAG9259909.1,ELF3,?
KAG9259909.1,EPAS1,+
KAG9259909.1,ERAP1,?
KAG9259909.1,ERAP2,?
KAG9259909.1,F3,?
KAG9259909.1,F8,?
KAG9259909.1,FAF1,+
KAG9259909.1,FASLG,+
KAG9259909.1,FBP1,?
KAG9259909.1,FGF7,?
KAG9259909.1,FGF8A,+
KAG9259909.1,FLT4,+
KAG9259909.1,FOXP3,+
KAG9259909.1,GADD45G,?
KAG9259909.1,GATA3,+
KAG9259909.1,GFAP,+
KAG9259909.1,GRIN1,?
KAG9259909.1,GSK3B,?
KAG9259909.1,GSTM3,+
KAG9259909.1,GTF2B,+
KAG9259909.1,HBEGF,+
KAG9259909.1,HDAC1,?
KAG9259909.1,HES1-A,?
KAG9259909.1,HIF1A,?
KAG9259909.1,HSD11B2,+
KAG9259909.1,IL10,+
KAG9259909.1,IL12B,+
KAG9259909.1,IL1B,+
KAG9259909.1,IRF1,+
KAG9259909.1,IRF3,+
KAG9259909.1,IRF4,+
KAG9259909.1,ITA,+
KAG9259909.1,ITGAX,?
KAG9259909.1,JUNB,+
KAG9259909.1,KAG9260490.1,-
KAG9259909.1,KAG9261548.1,+
KAG9259909.1,KAG9269893.1,+
KAG9259909.1,KAG9272026.1,+
KAG9259909.1,KAG9274471.1,?
KAG9259909.1,KAG9277111.1,+
KAG9259909.1,KDM2A,?
KAG9259909.1,LPL,+
KAG9259909.1,LTC4S,-
KAG9259909.1,MAT2A,+
KAG9259909.1,MGMT,?
KAG9259909.1,MIF,?
KAG9259909.1,MMP13,+
KAG9259909.1,MMP24,+
KAG9259909.1,MMP2,+
KAG9259909.1,MMP9,+
KAG9259909.1,MYCB,+
KAG9259909.1,NAMPT,+
KAG9259909.1,NCAM2,+
KAG9259909.1,NCOR1,?
KAG9259909.1,NCOR2,?
KAG9259909.1,NFKBIA,+
KAG9259909.1,NOS1,+
KAG9259909.1,NOS2,+
KAG9259909.1,NOX5,+
KAG9259909.1,NRF1,?
KAG9259909.1,OLFM4,?
KAG9259909.1,OPTN,+
KAG9259909.1,PDK3,-
KAG9259909.1,PLAU,+
KAG9259909.1,PPARA,?
KAG9259909.1,PPARD,-
KAG9259909.1,PPIG,?
KAG9259909.1,PROX1,+
KAG9259909.1,PSMB9,?
KAG9259909.1,PTAFR,+
KAG9259909.1,PTEN,+
KAG9259909.1,PTGES,+
KAG9259909.1,PTGFR,?
KAG9259909.1,PTGS2,+
KAG9259909.1,PTHLH,+
KAG9259909.1,PTPN6,?
KAG9259909.1,RGS4,+
KAG9259909.1,RIPK2,+
KAG9259909.1,SERPINB1,+
KAG9259909.1,SERPINE1,+
KAG9259909.1,SLC9A2,?
KAG9259909.1,SOCS3,?
KAG9259909.1,STAT3,?
KAG9259909.1,STAT4,?
KAG9259909.1,STK39,+
KAG9259909.1,TACSTD1,-
KAG9259909.1,TAP1,?
KAG9259909.1,TBP,+
KAG9259909.1,TF2,+
KAG9259909.1,THBD,-
KAG9259909.1,TLR2-2,+
KAG9259909.1,TLR3,+
KAG9259909.1,TLR9,?
KAG9259909.1,TNF,+
KAG9259909.1,TNFAIP3,+
KAG9259909.1,TNFRSF23,+
KAG9259909.1,TNFRSF9,?
KAG9259909.1,TNFSF10,+
KAG9259909.1,TNFSF14,?
KAG9259909.1,TP53,?
KAG9259909.1,TRAF2,+
KAG9259909.1,TRPC1,?
KAG9259909.1,UPP1,+
KAG9259909.1,VCAM1,+
KAG9259909.1,VEGFD,+
KAG9259909.1,VWF,?
KAG9259909.1,XIAP,+
KAG9259909.1,YY1,-
KAG9260490.1,ATF4,-
KAG9260490.1,KAG9260855.1,?
KAG9260855.1,ACTBA,+
KAG9260855.1,AHR,?
KAG9260855.1,ANGPTL2,?
KAG9260855.1,ANGPTL4,+
KAG9260855.1,BGLAP,?
KAG9260855.1,CCND2,+
KAG9260855.1,CDKN1A,+
KAG9260855.1,CDKN2B,+
KAG9260855.1,CGBA,?
KAG9260855.1,CLDN4,-
KAG9260855.1,CYP17A1,-
KAG9260855.1,CYP7A1,-
KAG9260855.1,ENPP1,?
KAG9260855.1,EPO,?
KAG9260855.1,FOXA2,?
KAG9260855.1,FOXP3,+
KAG9260855.1,FSTA,+
KAG9260855.1,FSTL3,?
KAG9260855.1,GADD45B,?
KAG9260855.1,GLI2,?
KAG9260855.1,JUN,?
KAG9260855.1,KAG9266355.1,-
KAG9260855.1,KAG9267963.1,+
KAG9260855.1,KAG9269893.1,?
KAG9260855.1,MMP9,-
KAG9260855.1,MXD1,?
KAG9260855.1,MYCB,?
KAG9260855.1,POR,?
KAG9260855.1,PPARG,?
KAG9260855.1,PTHLH,+
KAG9260855.1,RIF1,-
KAG9260855.1,SERPINE1,+
KAG9260855.1,TAGLN,+
KAG9260855.1,CNN3,+
KAG9260855.1,TGFB1,-
KAG9260855.1,TNFSF13B,+
KAG9260855.1,VDRA,+
KAG9261813.1,CASP3,+
KAG9261813.1,CCND1,+
KAG9261813.1,CCNE1,+
KAG9261813.1,CTNNB1,-
KAG9261813.1,DLL4,?
KAG9261813.1,DTX1,?
KAG9261813.1,GATA2,+
KAG9261813.1,HEY1,+
KAG9261813.1,HEY2,?
KAG9261813.1,NFKB1,+
KAG9261813.1,NRARPA,+
KAG9261813.1,PAX7,+
KAG9261813.1,RBPJ,+
KAG9261813.1,SMARCC1,+
KAG9261813.1,SPI1,+
KAG9262427.1,FASLG,?
KAG9263052.1,AHR,?
KAG9263052.1,BCL2,?
KAG9263052.1,BGLAP,?
KAG9263052.1,CDKN1A,+
KAG9263052.1,CDKN2B,?
KAG9263052.1,EPO,?
KAG9263052.1,FSTL3,?
KAG9263052.1,GLI1,?
KAG9263052.1,JUN,?
KAG9263052.1,KAG9266355.1,?
KAG9263052.1,KAG9267963.1,+
KAG9263052.1,MYCB,?
KAG9263052.1,POR,?
KAG9263052.1,CBFA2T2,+
KAG9263052.1,SERPINE1,+
KAG9263052.1,SKIL,?
KAG9263052.1,TGFB1,?
KAG9263644.1,BCL2,-
KAG9263644.1,CASP3,+
KAG9263709.1,ABCG2,?
KAG9263709.1,BMPR1B,+
KAG9263746.1,CGA,?
KAG9263746.1,DKK1,-
KAG9263746.1,ETS2,?
KAG9263746.1,FGF3,?
KAG9263746.1,HEY1,+
KAG9263746.1,KAG9268219.1,+
KAG9263746.1,KAG9278989.1,+
KAG9263746.1,PAX3-A,-
KAG9263746.1,IHHB,?
KAG9263746.1,SHHA,?
KAG9263746.1,STRA8,+
KAG9263746.1,TAGLN,-
KAG9263746.1,CNN3,-
KAG9263746.1,ZHX2,?
KAG9265489.1,MYOG,-
KAG9266355.1,CDK1,-
KAG9266355.1,CDKN1A,-
KAG9266355.1,CDKN2B,-
KAG9266355.1,KRT19,-
KAG9266355.1,MET,+
KAG9266355.1,MYCB,+
KAG9266355.1,TGFB1,+
KAG9266355.1,TGFBR1,-
KAG9268140.1,CYP11A1,?
KAG9269893.1,CLDN4,-
KAG9269893.1,CLDN5,-
KAG9269893.1,CTNNB1,-
KAG9269893.1,HBEGF,+
KAG9269893.1,KAG9269893.1,?
KAG9269893.1,KAG9276453.1,+
KAG9269893.1,KITA,?
KAG9269893.1,MMP24,+
KAG9269893.1,MMP2,+
KAG9269893.1,NR5A2,?
KAG9269893.1,PEBP1,-
KAG9269893.1,PTGS2,-
KAG9269893.1,THBD,-
KAG9269893.1,THBS1,-
KAG9269893.1,TJP1,-
KAG9269893.1,VDRA,-
KAG9263709.1,BMP2,+
KAG9263709.1,CXCL8,?
KAG9263709.1,HEY1,?
KAG9263709.1,HHEX,+
KAG9263709.1,ID3,+
KAG9263709.1,KAG9266355.1,+
KAG9263709.1,TBX20,+
KAG9263709.1,TLX3,?
KAG9263709.1,TNFRSF11B,?
KAG9266355.1,CDK4,?
KAG9266355.1,MAP3K7,?
KAG9274369.1,BCL2,+
KAG9274369.1,SLC5A1,-
KAG9275156.1,GLI2,+
KAG9276453.1,CCND1,?
KAG9276472.1,POU3F2,+
KAG9276480.1,CCND1,?
KAG9276480.1,CXCL11.6,?
KAG9276480.1,NFKB1,-
KAG9276480.1,NFKB2,?
KAG9276480.1,NOS1,?
KAG9276480.1,TNFAIP3,+
KAG9276949.1,MTOR,+
KAG9277415.1,CDKN1A,-
KAG9278600.1,CTNNB1,?
KAG9278600.1,MAO,?
KAG9278600.1,SNAI2,-
KAG9278600.1,UCP2,-
KAG9278989.1,APOD,-
KAG9278989.1,ASPH,?
KAG9278989.1,HES1-A,-
KAG9280174.1,CDKN2D,+
KAG9280174.1,DKK1,-
KAG9280174.1,DLC,?
KAG9280174.1,DLL4,+
KAG9280174.1,IGF2,-
KAG9280174.1,PDGFRA,+
KAG9280174.1,PHOX2A,+
KAG9280174.1,RND3,+
KAG9280174.1,TPH,-
KAG9280174.1,TPH2,+
KAG9282298.1,SP1,+
KAT2B,CDK2,-
KAT2B,CDKN1A,+
KAT2B,CLOCK,?
KAT2B,CYP1B1,?
KAT2B,IRF3,-
KAT2B,KAG9263052.1,+
KAT2B,KAG9276453.1,?
KAT2B,TP73,?
KAT2B,YY1,?
KAT2B,ZEB1,-
KAT5,GMPS,-
KAT5,STAT3,-
KCNIP3,SLC8A1,-
KDM2A,SOX2,?
KDM4B,CCNA1,?
KDM4B,CCND1,?
KDM4B,ESR1,?
KDM4B,WEE1-B,?
KEAP1B,NFE2L2,-
KHDRBS1,ECE1,-
KHDRBS1,IGF2,+
KLF11,INS,+
KLF11,PDX1,?
KLF15,ANTXR1,-
KLF15,CLCNKB,?
KLF15,LRP5,+
KLF15,RHO,-
KLF2,CCR4,+
KLF2,CCR5,+
KLF2,CCR7,?
KLF2,CDKN1A,+
KLF2,PPARG,-
KLF2,THBD,+
KLF2,WEE1-B,-
KLF3,ACTBA,?
KLF3,HBB2,?
KLF3,CKM,+
KLF4,AGRP,+
KLF4,ALPL,+
KLF4,ATF3,+
KLF4,BDKRB2,+
KLF4,CCNB2,-
KLF4,CCND1,+
KLF4,CCND2,+
KLF4,CDH5,+
KLF4,CDKN1A,+
KLF4,CDKN2B,+
KLF4,GPA33,+
KLF4,KAG9280087.1,+
KLF4,IL1B,-
KLF4,KRT19,+
KLF4,LAMA1,+
KLF4,LAMA3,+
KLF4,LEFTY2,+
KLF4,LXN,-
KLF4,MMP2,+
KLF4,ODC1,-
KLF4,PFKP,+
KLF4,PPARG,-
KLF4,PTGS2,?
KLF4,RARA,-
KLF4,RELN,+
KLF4,RNF12-B,+
KLF4,SERPINE1,-
KLF4,SOD1,-
KLF4,TAGLN,?
KLF4,CNN3,?
KLF4,THBD,+
KLF4,TP53,+
KLF4,VDRA,-
KLF4,ZNF750,?
KLF5,CCNB2,+
KLF5,CCND1,+
KLF5,CDKN2B,?
KLF5,FASN,+
KLF5,FGFBP1,+
KLF5,FOXO1B,?
KLF5,HIF1A,+
KLF5,ITGB2,+
KLF5,KAG9261813.1,+
KLF5,MMP9,+
KLF5,MYH11,?
KLF7,NTRK1,+
LBX1,PAX3-A,-
LBX1,SATB2,?
LDB1,ARX,?
LDB1,BMP7,?
LDB1,KAG9280168.1,?
LDB1,LHX6,?
LEF1,CCND1,?
LEF1,CD28,?
LEF1,CDX4,?
LEF1,CEBPA,?
LEF1,COL11A1,+
LEF1,CTNNB1,+
LEF1,CYLD,-
LEF1,DKK1,?
LEF1,ESR1,?
LEF1,HERC2,?
LEF1,MITF,+
LEF1,MMP13,+
LEF1,MYCB,?
LEF1,MYCBP,+
LEF1,NCAM2,?
LEF1,NRCAM,+
LEF1,NT5E,?
LEF1,PRL,?
LEF1,PTGS2,+
LEF1,RAG2,?
LEF1,SNAI2,?
LEF1,TCF4,?
LEF1,ZBTB16A,?
LHX1A,ISL1,?
LHX1A,LHX1A,?
LHX1A,LHX6,?
LHX1A,PAX7,?
LHX1A,PI15A,?
LHX2,CGA,+
LHX2,PRL,+
LHX2,TSHB,+
LHX3,CGA,+
LHX3,CGBA,+
LHX4,APP,?
LHX6,LHX1A,?
LHX6,PAX7,?
LIMD1,HIF1A,-
LMO2,ELK1,?
LMO2,FGF2,+
LMO2,LEF1,-
LMO2,NFATC1,+
LMO2,ZEB1,-
LMO3,HES1-A,-
LMO3,KAG9280174.1,+
LMO4,BMP7,+
LMO4,ESR1,?
LMO4,KAG9269420.1,-
LMO4,MTA1,?
LMX1B,FGF8A,?
LMX1B,NPHS2,+
LMX1B,PAX2A,-
LMX1B,TPH2,?
MAF,CCND2,+
MAF,CRYAB,?
MAF,MAF,+
MAF,MMP13,+
MAF,PDX1,+
MAFAA,INS,?
MAFAA,PC,+
MAFB,CCND2,?
MAFB,HOXA3A,?
MAFB,NRF1,?
MAFK,NQO1,+
MAFK,NRF1,?
MAL,MMP9,?
MAL,MYL9,?
MAML1,EGR1,+
MAML1,HEY1,-
MAP3K7,NFKB1,+
MAX,AGL,?
MAX,ARNTL,?
MAX,BYSL,?
MAX,CCDC43,?
MAX,CCNQ,?
MAX,DAP,?
MAX,GABRA6,?
MAX,KAG9261185.1,?
MAX,KAG9266607.1,?
MAX,KAG9266996.1,?
MAX,KAG9267646.1,?
MAX,KAG9268806.1,?
MAX,TUBB4B,?
MAX,KAG9272964.1,?
MAX,KAG9279099.1,?
MAX,KAG9282523.1,?
MAX,MAX,?
MAX,MESD,?
MAX,MRPL13,?
MAX,MRPS11,?
MAX,NHP2,?
MAX,RNF7,?
MAX,SAR1B,?
MAX,SRPRB,?
MAX,SSR4,?
MAX,ST13,?
MAX,TAF11,?
MAX,UBE2V1,?
MAX,UTP11,?
MBD2,ADGRB1,?
MBD2,ALOX5,?
MBD2,CHD5,?
MBD2,DAPK1,?
MBD2,GSTM3,-
MBD2,MSH2,?
MBD2,MYOG,?
MCM6,CD40,+
MED1,AURKA-A,+
MED1,VDRA,?
MED23,EGR2B,+
MED23,TXNIP,?
MEF2C,ADCY9,?
MEF2C,ASNA1,?
MEF2C,EP400,?
MEF2C,GSK3B,?
MEF2C,JUN,+
MEF2C,KAG9264110.1,?
MEF2C,TUBA,?
MEF2C,LONRF2,?
MEF2C,MAP4K4,?
MEF2C,MAPK7,+
MEF2C,MEF2C,?
MEF2C,NOVA1,?
MEF2C,NR4A1,?
MEF2C,NR5A2,?
MEF2C,NRF1,+
MEF2C,PLD1,?
MEF2C,PPP2R5B,?
MEF2C,SLC2A1,+
MEF2C,SOST,-
MEF2C,STAT5B,?
MEF2C,TENM4,?
MEF2C,TLE3B,?
MEF2C,TRAK1,?
MEF2B,BCL6,?
MEF2D,ATF3,+
MEF2D,ATM,?
MEF2D,JUN,+
MEF2D,SOST,-
MEIS2,ABCF2,?
MEIS2,ATL2,?
MEIS2,BMPR1B,?
MEIS2,CHD,?
MEIS2,GALNT1,?
MEIS2,GPC6,?
MEIS2,GPC5,?
MEIS2,HDLBP,?
MEIS2,IMPA2,?
MEIS2,ITGA7,?
MEIS2,ITGA9,?
MEIS2,KAG9259931.1,?
MEIS2,KAG9266355.1,?
MEIS2,KAG9268614.1,?
MEIS2,LAMC1,?
MEIS2,LHX6,?
MEIS2,MEIS2,?
MEIS2,RDX,?
MEIS2,NCBP1,?
MEIS2,NEBL,?
MEIS2,NOS1AP,?
MEIS2,STK39,?
MEIS2,PI15A,?
MEIS2,PPP1CB,?
MEIS2,PPP2R2A,?
MEIS2,PRKX,?
MEIS2,PTBP3,?
MEIS2,QKI-B,?
MEIS2,RAC2,?
MEIS2,RPS6KB2,?
MEIS2,SOX3,?
MEIS2,TARBP2,?
MEIS2,TFDP1,?
MEIS2,UPF1,?
MEIS2,WNT1,?
MEIS2,WNT6,?
MEIS2,CDKN2B,+
MEIS2,EGR2B,?
MEIS2,PAX6A,+
MEIS2,TGFBR2,?
MITF,ABCG2,?
MITF,ACP5,+
MITF,AREL1,?
MITF,KAG9263595.1,?
MITF,BEST1,+
MITF,BMPR1B,?
MITF,CD40,+
MITF,CDK2,?
MITF,CTSK,+
MITF,DKK3,-
MITF,EPHB2,?
MITF,FGF19,-
MITF,FOS,+
MITF,GPR143,+
MITF,HERC2,?
MITF,HIF1A,+
MITF,HOXB4A,?
MITF,ITGA4,+
MITF,KAG9262047.1,?
MITF,KAG9264332.1,?
MITF,KAG9265195.1,?
MITF,KITA,+
MITF,MC1R,?
MITF,MET,?
MITF,MLANA,?
MITF,MPHOSPH10,?
MITF,NOS1AP,?
MITF,NR2E3,?
MITF,OSTM1,+
MITF,PAX6A,+
MITF,PMEL,?
MITF,PPP2R2A,?
MITF,PRKCBB,?
MITF,QNR-71,+
MITF,RBM19,?
MITF,SERPINF1,+
MITF,SLC2A2,+
MITF,TRPM3,+
MITF,TXNIP,-
MITF,TYR,+
MITF,TYRP1,+
MITF,UBE2O,?
MLLT10,CDKN1A,-
MLLT3,CDKN1A,-
MLX,ACLY,?
MLX,CHD5,?
MLX,CLCN5,?
MLX,GABARAP,?
MLX,RNF7,?
MLX,SLC9A5,?
MLX,STX5,?
MLXIPL,ACACB,?
MLXIPL,GCK,-
MLXIPL,GPAM,+
MLXIPL,INS,+
MLXIPL,SCD5,+
MLXIPL,MSTNB,?
MLXIPL,PDX1,-
MLXIPL,PKM,?
MLXIPL,TXNIP,?
MMP9,JUN,?
MSXD,ABCG2,?
MSXD,BCL2,-
MSXD,BGLAP,-
MSXD,NKX3-1,+
MSXD,SOD1,+
MTA1,BCAS3,+
MTA1,ERBB4,+
MTA1,EPHA2,-
MTA1,ESR1,-
MTA1,HDAC1,?
MTA1,KAG9266355.1,-
MTA1,KAG9269893.1,+
MTA1,MMP9,?
MTA1,MTA3,-
MTA1,MYCB,?
MTA1,NOS2,+
MTA1,PTEN,-
MTA1,SNAI2,+
MTA2,FSHR,-
MTA3,CGBB,-
MTA3,KAG9269893.1,-
MTF1,ACO1,?
MTF1,DNMT1,?
MTF1,KAG9281366.1,?
MTF1,MCAT,+
MTF1,SELENOW,-
MTF1,SLC39A10,-
MTF1,SOD1,+
MTF2,IHHB,-
MTF2,SHHA,-
MXD1,ODC1,?
MXD1,PTEN,-
MXD4,ODC1,?
MXI1,MYCB,-
MYB,ANPEP,+
MYB,BCL2,+
MYB,CCNA1,+
MYB,CDO1,+
MYB,CEBPA,?
MYB,CSF3R,-
MYB,ERBB2,?
MYB,GATA3,?
MYB,GSTM3,+
MYB,HRH1,?
MYB,IGFBP5,+
MYB,KAG9263644.1,?
MYB,KITA,+
MYB,LCK,+
MYB,LMO2,+
MYB,MAT2A,+
MYB,MCPT4,?
MYB,MYB,?
MYB,MYCB,+
MYB,PDCD4,?
MYB,PTGS2,+
MYB,RAG2,?
MYB,SP3,?
MYB,WAS,?
MYBL1,NCL,?
MYBL2,ADRA2B,+
MYBL2,ANP32A,?
MYBL2,ATP6V0B,?
MYBL2,CAP1,?
MYBL2,CCNA1,?
MYBL2,CCND1,?
MYBL2,CHMP2A,?
MYBL2,CLIC4,?
MYBL2,CNTNAP2,?
MYBL2,CS,?
MYBL2,DPF3,?
MYBL2,DUSP7,?
MYBL2,EDC3,?
MYBL2,GRK3,?
MYBL2,IGFBP5,+
MYBL2,KAG9269284.1,?
MYBL2,KAG9274534.1,?
MYBL2,KAG9283030.1,?
MYBL2,MAPKAPK2,?
MYBL2,MINDY3,?
MYBL2,MYBL2,?
MYBL2,MYCB,+
MYBL2,NCL,?
MYBL2,NVL,?
MYBL2,PBK,?
MYBL2,PPP1CB,?
MYBL2,PPP2CB,?
MYBL2,RAB40C,?
MYBL2,RAC2,?
MYBL2,RHOA,?
MYBL2,SIAH2L,?
MYBL2,SNAP25B,?
MYBL2,SP1,?
MYBL2,STX1B,?
MYBL2,UBE2D2,?
MYBL2,YWHAE,?
MYBL2,ZNF622,?
MYCB,ASS1,+
MYCB,ATF3,?
MYCB,BAG2,?
MYCB,BCL2,?
MYCB,CAD,?
MYCB,CBFB,?
MYCB,CCNA1,?
MYCB,CCNB2,?
MYCB,CCND1,-
MYCB,CCND2,+
MYCB,CCNE1,+
MYCB,CD38,+
MYCB,UBE2R2,+
MYCB,CDCA7,?
MYCB,CDK2,?
MYCB,CDK4,+
MYCB,CDKN1A,+
MYCB,CEBPA,-
MYCB,CFLAR,-
MYCB,CREBBP,?
MYCB,CYP3A30,?
MYCB,DDX18,?
MYCB,DKK1,-
MYCB,EBNA1BP2,+
MYCB,EP300,?
MYCB,FASLG,+
MYCB,FMR1-A,?
MYCB,GATA2,-
MYCB,GATA4,+
MYCB,H2-L,+
MYCB,HDAC1,+
MYCB,HNRNPA1,+
MYCB,HSPA4,?
MYCB,ID2,?
MYCB,IGF2BP1,+
MYCB,IPO7,+
MYCB,JUNB,-
MYCB,KAG9261548.1,+
MYCB,LDHA,+
MYCB,MAPK1,?
MYCB,MME,+
MYCB,NDRG3,-
MYCB,ODC1,+
MYCB,PCNA,?
MYCB,PGK1,?
MYCB,PRDX3,+
MYCB,PRODH,-
MYCB,PTBP3,+
MYCB,RCC1,?
MYCB,SART3,?
MYCB,SFRP1,-
MYCB,SIGLEC1,-
MYCB,ST3GAL1,+
MYCB,ST3GAL3,+
MYCB,SURF1,+
MYCB,SURF2,+
MYCB,TFAM,?
MYCB,TFAP4,+
MYCB,TLX1,?
MYCB,TNFRSF23,+
MYCB,TP53,+
MYCB,TP73,+
MYCB,WRN,+
MYEF2,MYL2,?
MYF-5,DES,+
MYF-5,MYF6,+
MYF-5,MYOD1,+
MYF-5,MYOG,+
MYF-5,TP73,+
MYF6,ACACB,?
MYF6,DES,+
MYF6,MYOG,+
MYF6,RECK,+
MYF6,TP73,+
MYOCD,ACTBA,+
MYOD1,ACACB,+
MYOD1,ACTBA,+
MYOD1,ATP6V1E1,?
MYOD1,ATP9A,?
MYOD1,BARX2,?
MYOD1,BMP7,?
MYOD1,CCND1,?
MYOD1,CDH15,?
MYOD1,CDON,?
MYOD1,CKM,+
MYOD1,DCX,?
MYOD1,DES,+
MYOD1,HBEGF,+
MYOD1,ITGA7,+
MYOD1,MAF,+
MYOD1,MYF-5,-
MYOD1,MYF6,+
MYOD1,MYL1,+
MYOD1,MYL2,?
MYOD1,MYL6,?
MYOD1,MYOG,+
MYOD1,RECK,-
MYOD1,SELENOW,+
MYOD1,SLC9A2,?
MYOD1,SMARCA2,?
MYOD1,TP73,+
MYOD1,ZBTB18,?
MYOG,ACACB,?
MYOG,AT2,+
MYOG,BARX2,?
MYOG,DES,+
MYOG,ITGA7,+
MYOG,MYEF2,+
MYOG,MYF6,+
MYOG,MYL1,+
MYOG,MYOD1,+
MYOG,PAX7,-
MYOG,TP73,+
NAB2,CGBB,-
NAB2,EGR2B,-
NAB2,MSLNL,?
NAB2,BCAR1,+
NAB2,RBL2,+
NCOA1,CDKN1A,+
NCOA1,EPO,+
NCOA3,BCL2,+
NCOA3,CLOCK,?
NCOA3,EPO,+
NCOA3,ERBB2,?
NCOA3,KLF4,+
NCOA3,PPARG,+
NCOA3,TBX3,+
NCOA6,CYP2G1,?
NCOA6,CYP3A30,?
NCOA6,FOS,+
NCOR1,ESR1,-
NCOR1,IGFBP3,-
NCOR1,KAG9280168.1,?
NCOR1,PPARG,-
NCOR1,SNAI2,-
NCOR2,KAG9280168.1,?
NCOR2,NR1I2,?
NEUROD1,INS,?
NEUROD1,PAX6A,+
NEUROD1,PDX1,?
NEUROD1,ST18,?
NEUROD6,PLPPR4,?
NEUROG1,NEUROD1,?
NEUROG1,UNCX,+
NEUROG3,INSM1A,+
NEUROG3,NEUROD1,+
NF1,DDB1,?
NF1,DDB2,?
NF1,FOS,+
NF1,HSD11B2,?
NF1,MSH2,?
NF1,MYCB,+
NF1,SP3,?
NF1,TP53,+
NFAT5,BCL2,-
NFAT5,CCL11,-
NFAT5,CYP3A30,?
NFAT5,TNF,?
NFAT5,VEGFC,+
NFATC1,EGR3,?
NFATC1,SP1,-
NFATC2,EGR3,?
NFATC2,ENPP2,?
NFATC2,FOXP3,+
NFATC3,B3GAT1,-
NFATC3,CTSD,+
NFE2L1,CDK11A,?
NFE2L2,ABCC2,?
NFE2L2,BCL2,+
NFE2L2,CD36,+
NFE2L2,CYP2G1,+
NFE2L2,GCLC,+
NFE2L2,IL10,+
NFE2L2,KEAP1B,+
NFE2L2,MCM7-B,?
NFE2L2,MDM2,+
NFE2L2,MGST1,?
NFE2L2,NFE2L2,?
NFE2L2,NFKB1,-
NFE2L2,NQO1,+
NFE2L2,PPARG,+
NFE2L2,PRDX1,+
NFE2L2,PTGDS,+
NFE2L2,SLC40A1,+
NFE2L2,SRXN1,+
NFE2L2,TGFB1,-
NFE2L2,TXNIP,-
NFE2L2,UGT1A5,+
NFIA,CDKN1A,-
NFIL3,IL1B,-
NFIL3,PTGS2,?
NFIL3,TNFSF10,-
NFIL3,VWF,?
NFKB1,ADORA2A,-
NFKB1,AGT,?
NFKB1,ALOX5,?
NFKB1,BANP,+
NFKB1,BCL2,+
NFKB1,BMP2,+
NFKB1,BMPR2,?
NFKB1,BTK,+
NFKB1,CCL20,+
NFKB1,CCND1,+
NFKB1,CD38,?
NFKB1,CD40,+
NFKB1,CDK4,+
NFKB1,CEBPA,?
NFKB1,CFLAR,+
NFKB1,CPI17,?
NFKB1,CTNNB1,?
NFKB1,CXCL11.6,?
NFKB1,CXCL8,+
NFKB1,CYP11A1,?
NFKB1,D215,+
NFKB1,DCST1,+
NFKB1,DCST2,+
NFKB1,EBNA1BP2,?
NFKB1,EGR2B,+
NFKB1,ELF3,?
NFKB1,FASLG,?
NFKB1,FOXP3,?
NFKB1,GADD45B,+
NFKB1,GCLM,-
NFKB1,HSD11B2,+
NFKB1,IKBKB,+
NFKB1,IL10,?
NFKB1,IL1B,+
NFKB1,ITA,+
NFKB1,ITGAX,+
NFKB1,JUNB,?
NFKB1,K4,-
NFKB1,KAG9263746.1,+
NFKB1,KAG9278600.1,-
NFKB1,KDR,?
NFKB1,LEF1,+
NFKB1,MMP2,?
NFKB1,MMP9,+
NFKB1,MYB,+
NFKB1,MYOZ2,+
NFKB1,NFKB1,+
NFKB1,NQO1,-
NFKB1,NRF1,?
NFKB1,NUDT1,?
NFKB1,PCK1,-
NFKB1,PDK3,-
NFKB1,PHEX,?
NFKB1,PLA2G4A,?
NFKB1,PLAUR,?
NFKB1,PLIN2,?
NFKB1,PPP1R13L,?
NFKB1,PTEN,-
NFKB1,PTGES,?
NFKB1,PTGS1,?
NFKB1,PTGS2,+
NFKB1,RELB,+
NFKB1,IHHB,+
NFKB1,SHHA,+
NFKB1,SLC1A3,+
NFKB1,SLC2A1,+
NFKB1,FYNA,+
NFKB1,STAT1,?
NFKB1,STK39,+
NFKB1,TEC,+
NFKB1,TGFB1,+
NFKB1,TIMP3,?
NFKB1,TLR2-2,+
NFKB1,TLR4,+
NFKB1,TNFAIP3,+
NFKB1,TNFSF13B,?
NFKB1,UPP1,+
NFKB1,VEGFC,?
NFKB1,WT1-A,+
NFKB1,XIAP,+
NFKB2,CCND1,+
NFKB2,CCND2,+
NFKB2,CDK4,+
NFKB2,HIF1A,-
NFKB2,RELB,-
NFKB2,SND1,+
NFKBIA,CD40,-
NFKBIA,CXCL8,?
NFKBIA,EBI3,-
NFKBIA,IL1B,-
NFKBIA,KAG9259909.1,+
NFKBIA,MMP9,?
NFKBIA,NOS2,-
NFKBIA,PON2,+
NFKBIA,TNFSF10,-
NFRKB,JUN,+
NFYA,ABCB11,?
NFYA,CBS,+
NFYA,CCND2,+
NFYA,CDKN1A,+
NFYA,CYP2G1,+
NFYA,FXR1,+
NFYA,GADD45G,+
NFYA,GFI1B,?
NFYA,HBB2,?
NFYA,HOXB4A,+
NFYA,HSPA5,?
NFYA,LPIN2,?
NFYA,OGG1,+
NFYA,SOX18,+
NFYA,SOX3,?
NFYA,SP3,+
NFYA,STK11,?
NFYB,CCND2,+
NFYC,CCND2,+
NHLH1,HES1-A,-
NHLH1,KAG9280174.1,+
NHLH1,MAO,+
NHLH1,PCSK2,?
NKX-2.5,GATA4,+
NKX-2.5,KAG9263557.1,-
NKX-2.5,KAG9268659.1,-
NKX-2.5,TBX5A,?
NKX2-1,LMO3,?
NKX2-1,SP1,?
NKX2-1,STK11,-
NKX2-3,EGR1,?
NKX3-1,ACTBA,+
NKX3-1,CCND1,-
NKX3-1,ESR1,?
NKX3-1,FOS,-
NKX3-1,INSR,-
NKX3-1,SIX6,?
NKX3-1,TMPRSS2,?
NONO,MIA,?
NPM1,BRD4,?
NPM1,CCND1,?
NPM1,CDKN1A,+
NPM1,DNMT1,?
NPM1,PTPN6,+
NPM1,USP7,?
NR0B1,AMH,-
NR0B1,CYP17A1,-
NR0B1,CYP19A1,-
NR0B1,ESRRG,-
NR0B1,NOS1,+
NR0B1,NR1H4,-
NR0B1,STAR,-
NR0B2,CLOCK,-
NR0B2,CYP27A1,?
NR0B2,CYP7A1,-
NR0B2,CYP8B1,-
NR0B2,KAG9260855.1,-
NR0B2,MTF1,-
NR0B2,MTTP,-
NR0B2,NEUROD1,-
NR0B2,NR5A2,+
NR0B2,PPARG,-
NR0B2,PTGS2,+
NR0B2,SERPINE1,-
NR0B2,SLC40A1,-
NR1H3,ABCA1,+
NR1H3,ABCG1,+
NR1H3,ABCG4,+
NR1H3,BHLHE40,+
NR1H3,CETP,?
NR1H3,CYP7A1,+
NR1H3,CYP7B1,-
NR1H3,F3,-
NR1H3,LIPE,?
NR1H3,MLXIPL,+
NR1H3,NR1H3,?
NR1H3,PLTP,?
NR1H4,ABCB11,+
NR1H4,ABCC2,+
NR1H4,ABCC4,-
NR1H4,CYP7A1,-
NR1H4,EDN1,-
NR1H4,FABP6,+
NR1H4,HHEX,?
NR1H4,HSD3B,?
NR1H4,INS,+
NR1H4,KAG9259909.1,+
NR1H4,KRT19,+
NR1H4,KLF11,?
NR1H4,NR0B2,+
NR1H4,NR1I2,+
NR1H4,STK11,+
NR1I2,ABCB11,+
NR1I2,BCL2,+
NR1I2,CCL11,-
NR1I2,CORO1CA,+
NR1I2,CYP2G1,?
NR1I2,CYP3A30,+
NR1I2,CYP4F3,?
NR1I2,FGF19,+
NR1I2,IL10,+
NR1I2,KAG9259909.1,-
NR1I2,NOD1,-
NR1I2,NOD2,-
NR1I2,PTAFR,+
NR1I2,RAB3C,+
NR1I2,RXRAA,?
NR1I2,THBS1,+
NR1I2,UGT1A5,+
NR2C1-B,ABCG2,?
NR2C1-B,ACSL1,?
NR2C1-B,AGAP3,?
NR2C1-B,CBFA2T2,?
NR2C1-B,CDH23,?
NR2C1-B,CELSR2,?
NR2C1-B,CSK,?
NR2C1-B,DAGLA,?
NR2C1-B,EML1,?
NR2C1-B,ENC1,?
NR2C1-B,ESR1,-
NR2C1-B,ETS2,?
NR2C1-B,FHOD3,?
NR2C1-B,GALNT2,?
NR2C1-B,GAPDH,?
NR2C1-B,GATA2,-
NR2C1-B,IKBKB,+
NR2C1-B,ITGA8,?
NR2C1-B,JUNB,+
NR2C1-B,KAG9265403.1,?
NR2C1-B,KAG9270642.1,?
NR2C1-B,KAG9278225.1,?
NR2C1-B,KAG9270647.1,?
NR2C1-B,KIF13B,?
NR2C1-B,KIRREL3,?
NR2C1-B,MMP25,?
NR2C1-B,NFKB1,+
NR2C1-B,NR2C1-B,?
NR2C1-B,PDE6D,?
NR2C1-B,PKN2,?
NR2C1-B,PSMA5,?
NR2C1-B,PSMD13,?
NR2C1-B,SLK,?
NR2C1-B,SPOP,?
NR2C1-B,SPTAN1,?
NR2C1-B,SPTBN1,?
NR2C1-B,SPTBN5,?
NR2C1-B,STMN4,?
NR2C1-B,TBC1D1,?
NR2C1-B,TMOD4,?
NR2C1-B,TRAF4,?
NR2C1-B,TRPM3,?
NR2C1-B,TUBB4B,?
NR2E3,ESR1,?
NR2E3,RHO,+
NR2F1A,APOB,?
NR2F1A,CYP17A1,-
NR2F1A,CYP19A1,?
NR2F1A,DR1,-
NR2F1A,MTTP,-
NR2F1A,SERPINC1,-
NR2F6,APOB,?
NR2F6,CYP19A1,?
NR2F6,KAG9270647.1,?
NR2F6,REN,-
NR3C2,MLLT3,-
NR3C2,SGK1,?
NR3C2,TNS,?
NR3C2,TSC22D3,?
NR4A1,CCNA1,-
NR4A1,CDKN1A,+
NR4A1,CYP11A1,?
NR4A1,CYP17A1,?
NR4A1,FASLG,?
NR4A1,HSD3B,+
NR4A1,MMP2,+
NR4A1,PPIB,?
NR4A1,PSMA5,?
NR4A1,RNF7,-
NR4A1,SERPINE1,?
NR4A1,STAR,?
NR4A1,TIMP2,+
NR4A1,TNF,-
NR4A2,FOXP3,+
NR4A2,KCNB1,-
NR4A2,NRP1A,?
NR4A2,PITX3,+
NR4A2,PTPRU,?
NR4A2,SLC18A2,?
NR4A3,KCNB1,-
NR4A3,PPARG,-
NR5A2,ABCG8,+
NR5A2,ALDH2,?
NR5A2,CCND1,+
NR5A2,CCNE1,+
NR5A2,CETP,+
NR5A2,COPG2,?
NR5A2,CYP11A1,?
NR5A2,CYP19A1,?
NR5A2,CYP7A1,+
NR5A2,CYP8B1,+
NR5A2,DUOXA1,?
NR5A2,HSD3B,+
NR5A2,KAG9278416.1,?
NR5A2,MAT2A,?
NR5A2,MEF2C,?
NR5A2,NR4A1,?
NR5A2,NR5A2,+
NR5A2,PTF1A,?
NR5A2,PTGDS,?
NR5A2,SLC10A2,?
NR5A2,SSR3,?
NR5A2,SSR4,?
NR5A2,STAR,+
NRF1,ATNB233,+
NRF1,ATP1A1,-
NRF1,CAPNS1,+
NRF1,FMR1-A,+
NRF1,FXR1,+
NRF1,GALNT3,?
NRF1,GRIA2,?
NRF1,GRIN1,+
NRF1,GRIN2B,+
NRF1,IDE,+
NRF1,KAG9264110.1,?
NRF1,KAG9272942.1,+
NRF1,KIF17,+
NRF1,NOS1,?
NRF1,PRDX3,+
NRF1,PRDX5,+
NRF1,SIRT6,+
NRF1,SNRPB,?
NRF1,SPAST,+
NRF1,TFAM,+
NRF1,TOMM34,?
NRIP1,SLC7A1,+
NUPR1,CCNA1,-
ONECUT1,FOXA2,?
ONECUT1,FOXF1,+
ONECUT1,MITF,?
ONECUT1,NEUROG3,+
ONECUT1,ONECUT3,+
ONECUT1,PDX1,+
ONECUT1,PROC,+
ONECUT1,SLC2A2,?
ONECUT2,MITF,+
ONECUT2,SYTL4,-
OTX1B,BEST1,+
OTX5-A,ANTXR1,+
OTX5-A,AURKA-A,+
OTX5-A,BEST1,+
OTX5-A,CCNG2,+
OTX5-A,HESX1,?
OTX5-A,KAG9280168.1,+
OTX5-A,TYR,+
PA2G4,KAG9276105.1,+
PARP1,BCL2,-
PARP1,BRCA2,-
PARP1,CDKN1A,?
PARP1,FBN1,?
PARP1,FOXO1B,-
PARP1,HTR7,-
PARP1,IL10,?
PARP1,JUN,?
PARP1,KAG9259909.1,?
PARP1,KAG9269893.1,-
PARP1,KAG9281403.1,?
PARP1,MMP9,?
PARP1,NFKB1,-
PARP1,SERPINE1,+
PARP1,SERPINF1,-
PARP1,SH3BP2,?
PARP1,SMARCB1A,?
PARP1,THBD,+
PARP1,VIM,+
PAWR,BCL2,-
PAX1,PDGFRA,?
PAX2A,CCND1,+
PAX2A,EMX2,?
PAX2A,ENG2B,?
PAX2A,ERBB2,?
PAX2A,GBX2,-
PAX2A,L1CAM,?
PAX2A,NCAM2,?
PAX2A,PAX6A,-
PAX2A,POU3F3B,?
PAX2A,RET,+
PAX2A,SFRP2,?
PAX2A,TP53,-
PAX2A,WT1-A,+
PAX3-A,DMRT2,+
PAX3-A,DPYSL2,?
PAX3-A,ITM2A,+
PAX3-A,KAG9263770.1,?
PAX3-A,LEF1,?
PAX3-A,MET,?
PAX3-A,MITF,+
PAX3-A,MYF-5,+
PAX3-A,MYOD1,+
PAX3-A,POU3F2,+
PAX3-A,ST8SIA2,?
PAX3-A,TGFB2,+
PAX3-A,TYRP1,+
PAX4,INS,-
PAX4,ISL1,?
PAX5,AICDA,+
PAX5,BLNK,?
PAX5,ENG2B,?
PAX5,FLT3,-
PAX5,PRDX6,+
PAX6A,BCL9L,+
PAX6A,CDK4,-
PAX6A,CDKN1A,?
PAX6A,CRYAB,+
PAX6A,DKK3,+
PAX6A,FGF19,-
PAX6A,GCK,?
PAX6A,MAB21L2,?
PAX6A,MAF,+
PAX6A,MET,+
PAX6A,MMP9,+
PAX6A,NR2E1,+
PAX6A,ODF2,+
PAX6A,PAX2A,-
PAX6A,PCSK2,+
PAX6A,PDX1,?
PAX6A,SFRP2,+
PAX6A,IHHB,+
PAX6A,SHHA,+
PAX6A,SHROOM3,?
PAX6A,SOX2,?
PAX6A,TGFB2,?
PAX6A,TLR4,+
PAX7,ACE2,?
PAX7,ETS2,?
PAX7,FOXD5-A,?
PAX7,ID3,+
PAX7,LHX1A,?
PAX7,LHX6,?
PAX7,MYF-5,?
PAX7,MYOD1,+
PAX7,NAB2,?
PAX7,PAX3-A,?
PAX7,PAX7,?
PAX7,PI15A,?
PAX7,WNT1,?
PAX7,WNT6,?
PAX8,ENG2B,?
PAX8,NCAM2,+
PAX8,RET,+
PAX8,SLC3A1,+
PAX8,SLC5A5,+
PAX8,TP53,-
PAX8,TSHR,-
PAX8,WT1-A,+
PDX1,GCK,+
PDX1,INS,+
PDX1,NEUROG3,+
PDX1,NR5A2,+
PDX1,SLC2A2,?
PDX1,ST18,?
PHF10,CASP3,?
PHF8,KAG9278856.1,?
PHOX2A,DBH,+
PHOX2A,NCAM2,+
PHOX2A,TLX3,+
PHOX2B,ALK,+
PHOX2B,DBH,+
PHOX2B,GATA2,+
PHOX2B,GATA3,+
PHOX2B,KAG9263746.1,-
PHOX2B,PHOX2A,?
PHOX2B,TLX3,+
PIAS2,CYP17A1,?
PIAS2,FABP2,+
PIAS2,MGAM,+
PIAS2,PRMT1,-
PIAS2,LRRN3,-
PIAS4A,CCL20,-
PIAS4A,VDRA,?
PITX1,CGBA,?
PITX1,CGBB,?
PITX1,HES1-A,-
PITX1,IRF2,-
PITX1,IRF3,-
PITX1,JUN,-
PITX1,KAG9260490.1,-
PITX1,NKX3-1,-
PITX1,PRL,+
PITX1,RUNX2,-
PITX1,TBX4,?
PITX3,ABCB11,?
PITX3,CGBA,?
PITX3,DLX2A,+
PITX3,EN1,+
PITX3,FGF16,?
PITX3,GAD1,+
PITX3,LEF1,+
PITX3,LHX6,+
PITX3,MYF-5,+
PITX3,MYOD1,+
PITX3,PLOD1,?
PITX3,PRL,+
PITX3,SLC18A2,+
PITX3,TBX15,+
PITX3,TBX5A,-
PITX3,TH,+
PITX3,WNT2,?
PITX3,WNT5A,?
PKNOX1,MEIS2,?
PKNOX1,PTPN6,+
PKNOX1,SYP,+
PLAG1,CRLF1,+
PLAG1,IGF2,+
PLAG1,XRCC1,?
PLAGL2,IGF2,+
PLAGL2,METAP2,+
PLAGL2,MPL,+
POU2AF1,BTK,+
POU2AF1,CXCR5,+
POU2AF1,ID2,?
POU2AF1,ID3,?
POU2AF1,POU2F1,+
POU2AF1,SPI1,+
POU2F1,ATP11C,?
POU2F1,BTK,+
POU2F1,CCND1,+
POU2F1,GADD45G,+
POU2F1,GATA2,?
POU2F1,GFI1B,?
POU2F1,HBB2,-
POU2F1,ID1,?
POU2F1,IRF3,?
POU2F1,LCT,+
POU2F1,LGALS4,+
POU2F1,LPL,?
POU2F1,MAD2L1,+
POU2F1,PLAU,?
POU2F1,POU2AF1,?
POU2F1,PTGIR,+
POU2F1,RPTOR,?
POU2F1,SDC4,?
POU2F1,SNAI2,+
POU2F1,SNAPC1,?
POU2F1,ST6GAL1,?
POU2F1,VCAM1,-
POU2F1,VWF,+
POU3F1,EGR2B,?
POU3F1,MYF-5,+
POU3F2,CDH13,?
POU3F2,MITF,?
POU3F2,NKX2-1,?
POU3F2,PAX3-A,?
POU3F2,PDE11A,-
POU3F4,EPHA4-A,?
POU4F1,HSP90AA1,+
POU4F2,CCND1,+
POU4F2,EOMES,+
POU4F2,HSP90AA1,+
PPARA,ACADL,?
PPARA,ACOX1,?
PPARA,ANGPTL4,+
PPARA,APOB,+
PPARA,CD36,?
PPARA,CETP,+
PPARA,CGBB,?
PPARA,CPT1A,-
PPARA,CYP2G1,-
PPARA,IGFBP1,?
PPARA,TUBA,?
PPARA,LPL,+
PPARA,MLYCD,?
PPARA,MMP9,-
PPARA,NFKBIA,+
PPARA,PDK3,+
PPARA,PLIN2,-
PPARA,PTGS2,+
PPARA,SERPINE1,+
PPARA,SLC25A20,?
PPARA,SLC9A1,?
PPARA,SREBF2,-
PPARA,TXNIP,-
PPARD,ANGPTL4,-
PPARD,CAT,+
PPARD,HSD11B2,-
PPARD,LPL,+
PPARD,PDK3,+
PPARD,SAT1,+
PPARD,SOD1,+
PPARG,ABCG2,+
PPARG,ACAT1,+
PPARG,ANGPTL4,+
PPARG,APOB,-
PPARG,ATP2A2,?
PPARG,BCL2,+
PPARG,CAT,?
PPARG,CAV1,+
PPARG,CCND1,-
PPARG,CCNE1,-
PPARG,CD36,+
PPARG,CDKN1A,+
PPARG,CEBPA,?
PPARG,CFLAR,-
PPARG,CIDEC,?
PPARG,CIITA,+
PPARG,DBI,?
PPARG,ERBB4,-
PPARG,ERP44,+
PPARG,FASLG,+
PPARG,GCK,?
PPARG,GK,+
PPARG,GYS2,+
PPARG,HGF,+
PPARG,INSR,-
PPARG,JAG1B,?
PPARG,KLF4,?
PPARG,LIPE,?
PPARG,MAF,-
PPARG,MMP9,-
PPARG,MSTNB,?
PPARG,MYCB,-
PPARG,NR1H3,?
PPARG,PAQR7B,+
PPARG,PDK3,-
PPARG,PDX1,?
PPARG,PLIN2,+
PPARG,POU2F1,+
PPARG,PTEN,+
PPARG,PTGS2,+
PPARG,RARB,+
PPARG,REN,-
PPARG,SAT1,+
PPARG,SERPINE1,?
PPARG,SLC27A1,+
PPARG,SLC2A2,?
PPARG,SLC2A1,-
PPARG,SLC5A5,+
PPARG,SLC9A1,-
PPARG,SOCS7,?
PPARG,TNFRSF11B,?
PPARG,TP53,+
PPARG,TSHR,-
PPARG,TXNIP,?
PPARG,UCP2,+
PPARG,VLDLR,+
PRDM1,BMP7,-
PRDM1,CIITA,-
PRDM1,CXCR5,-
PRDM1,ID3,-
PRDM1,LMO2,-
PRDM1,MAP3K5,-
PRDM1,MYCB,-
PRDM1,PAX5,-
PRDM1,PCNA,?
PRDM13,KAG9280174.1,-
PRDM13,TLX1,-
PRDM13,TLX3,-
PRDM16,PPARG,+
PRDM16,RBL1,-
PRDM8,CDH11,-
PROX1,CALCRLA,?
PROX1,CCNE1,+
PROX1,CDKN1A,+
PROX1,CYP7A1,-
PROX1,GFI1,?
PROX1,KAG9261813.1,?
PROX1,NR1I2,-
PROX1,NR5A2,-
PROX1,RGS4,-
PROX1,SIX3,+
PTF1A,CEL,?
PTF1A,NR5A2,?
PTF1A,PRDM13,?
PTHLH,CCND1,+
PTHLH,CDK1,+
PTTG1,CCNB2,+
PTTG1,CDK1,+
PTTG1,DOCK1,+
PTTG1,FGF2,?
PTTG1,ID3,+
PTTG1,KAG9260262.1,+
PTTG1,KAG9263879.1,+
PTTG1,KAG9275887.1,+
PTTG1,KDR,+
PTTG1,MYCB,+
PTTG1,RAC2,+
PTTG1,TIMP2,-
PURA,ERBB2,?
PURA,PCNA,-
RARA,ABCC3,-
RARA,CCNA1,-
RARA,CDKN1A,+
RARA,CRABP1,+
RARA,CRF1,+
RARA,CXCR5,+
RARA,FGFBP1,+
RARA,HCK,?
RARA,HSD17B2,+
RARA,SCD5,+
RARA,MACROD2,-
RARA,MAO,?
RARA,PLAU,?
RARA,PRKCBB,+
RARA,RARB,+
RARA,RPTOR,?
RARA,THBD,+
RARB,KAG9272321.1,?
RARB,RARB,+
RARB,THBD,?
RARG,BGLAP,+
RARG,CYP19A1,?
RARG,RARB,?
RARG,THBD,?
RBL1,FGF2,?
RBL1,KAG9260765.1,?
RBL1,MYBL2,?
RBL2,CCNA1,-
RBL2,CDC25A,?
RBL2,CDK2,?
RBL2,DNMT3B,-
RBL2,E2F4,?
RBL2,STMN1,?
RBL2,KAG9282298.1,-
RBL2,PCNA,-
RBL2,SOX2,+
RBMX,JUND,-
RBPJ,CSMD3,+
RBPJ,KAG9267480.1,?
RBPJ,KAG9280174.1,?
RBPJ,PLCG2,-
RBPJ,PRDM1,-
RBPJ,PTEN,-
RBPJ,RBPJ,?
RBPJ,RFNG,?
RBPJ,RNF12-B,+
RBPJ,TYROBP,+
RELB,CCL19,+
RELB,CCND1,+
RELB,CD40,?
RELB,MYB,+
RFX3,AAD-A,?
RFX3,BCR,?
RFX3,TGFBR1,?
RFX3,ADAM10,?
RFX3,ADARB1,?
RFX3,ADCY1,?
RFX3,ADD1,?
RFX3,AGAP3,?
RFX3,APP,?
RFX3,ARFGEF3,?
RFX3,ARHGAP35,?
RFX3,ARID1B,?
RFX3,ATP1A1,?
RFX3,ATP2B2,?
RFX3,ATP9B,?
RFX3,ATRNL1,?
RFX3,BCAR1,?
RFX3,BCHE,?
RFX3,BPTF,?
RFX3,BRSK2,?
RFX3,PHIP,?
RFX3,BTBD3,?
RFX3,BVES,?
RFX3,CADN,?
RFX3,CAMK2D2,?
RFX3,CAMTA2,?
RFX3,CASK,?
RFX3,CBFA2T2,?
RFX3,CCNYL1,?
RFX3,CELSR2,?
RFX3,CFL2,?
RFX3,CLASP1B,?
RFX3,CLK2,?
RFX3,CORO1CA,?
RFX3,COTL1,?
RFX3,CPD,?
RFX3,CSDE1,?
RFX3,CSK,?
RFX3,DAAM2,?
RFX3,DAGLA,?
RFX3,DDR2,?
RFX3,DDX5,?
RFX3,DERL1,?
RFX3,DGKH,?
RFX3,DIMT1,?
RFX3,DTNB,?
RFX3,DYNC1I2A,?
RFX3,EHMT2,?
RFX3,FBXL6,?
RFX3,FCHSD2,?
RFX3,FNBP1,?
RFX3,GALNT2,?
RFX3,GAPDH,?
RFX3,GRK6,?
RFX3,HLCS,?
RFX3,HNRNPA1,?
RFX3,HS6ST3B,?
RFX3,IDH1,?
RFX3,KAG9260001.1,?
RFX3,KAG9260490.1,?
RFX3,KAG9261508.1,?
RFX3,KAG9261676.1,?
RFX3,KAG9262992.1,?
RFX3,KAG9264128.1,?
RFX3,KAG9264971.1,?
RFX3,KAG9265038.1,?
RFX3,PPIF,?
RFX3,KAG9277005.1,?
RFX3,KAG9277335.1,?
RFX3,KAG9279892.1,?
RFX3,KAG9280552.1,?
RFX3,KAG9280779.1,?
RFX3,KALRN,?
RFX3,KAZNA,?
RFX3,KCNC1,?
RFX3,KCND1,?
RFX3,KDM6A,?
RFX3,KIF13B,?
RFX3,KIF1A,?
RFX3,LAP-2,?
RFX3,LIMK1,?
RFX3,LMAN1,?
RFX3,LMLN,?
RFX3,LRP1,?
RFX3,MAB21L2,?
RFX3,MACO1A,?
RFX3,MADD,?
RFX3,MANF,?
RFX3,MAP1A,-
RFX3,MAP2K6,?
RFX3,MAP4K3,?
RFX3,MARK1,?
RFX3,MED13,?
RFX3,MRPL13,?
RFX3,MRPL14,?
RFX3,MRPL55,?
RFX3,MTA3,?
RFX3,MYCBP2,?
RFX3,MYO18A,?
RFX3,NCS1,?
RFX3,NEGR1,?
RFX3,NF1,?
RFX3,NHP2,?
RFX3,NIPBLB,?
RFX3,NPHS1,?
RFX3,NRF1,?
RFX3,NRXN3A,?
RFX3,NUDC,?
RFX3,PCNX1,?
RFX3,PCSK2,?
RFX3,PDCL,?
RFX3,PDIA6,?
RFX3,PLCB1,?
RFX3,PLXNA2,?
RFX3,PNPLA7,?
RFX3,PPA1,?
RFX3,PPIL1,?
RFX3,PPIP5K1,?
RFX3,PPP3CC,?
RFX3,PPP4R3B,?
RFX3,PRKACA,?
RFX3,PRKAR2A,?
RFX3,PSMA5,?
RFX3,PSMC4,?
RFX3,PSMD13,?
RFX3,PSMD3,?
RFX3,PTPN11,?
RFX3,PTPRD,?
RFX3,RAB35,?
RFX3,RAB37,?
RFX3,RALGAPA1,?
RFX3,RAPGEF4,?
RFX3,RASD1,?
RFX3,RBMS2,?
RFX3,RFX3,?
RFX3,RPS6KA5,?
RFX3,SCAI,?
RFX3,SCN8A,?
RFX3,SH3GL3,?
RFX3,SIN3A,?
RFX3,SLC2A1,?
RFX3,SLC41A1,?
RFX3,SLC7A14A,?
RFX3,SLK,?
RFX3,SMC1A,?
RFX3,SNTB2,?
RFX3,SNU13,?
RFX3,SPAG9,?
RFX3,SPON2,?
RFX3,SPTBN1,?
RFX3,SRSF3,?
RFX3,SSBP1,?
RFX3,SSBP2,?
RFX3,SSR4,?
RFX3,STRN3,?
RFX3,STXBP5,?
RFX3,SUV39H1A,?
RFX3,SYAP1,?
RFX3,SYT1,?
RFX3,TAF4,?
RFX3,TBC1D1,?
RFX3,TCF7L2,?
RFX3,TENM4,?
RFX3,TIAL1,?
RFX3,TLN1,?
RFX3,TMED6,?
RFX3,TRAK1,?
RFX3,TRIM71,?
RFX3,TRIM9,?
RFX3,TRPM3,?
RFX3,TRRAP,?
RFX3,UBE2S,?
RFX3,UHRF1BP1L,?
RFX3,ULK2,?
RFX3,UNC5C,?
RFX3,UQCRFS1,?
RFX3,USP9X,?
RFX3,WDFY3,?
RFX3,WDR12,?
RFX3,WDR7,?
RFX3,WDYHV1,?
RFX3,XPO7,?
RFX3,ZC3H15,?
RFX3,ZDHHC17,?
RFX3,ZDHHC3,?
RFX3,ZFR,?
RFX3,IL5RA,?
RFX3,GCK,?
RFX4,KAG9263092.1,+
RNF14,CCND1,+
RNF2,SOX2,+
RORAA,CAV3,?
RORAA,CYP7B1,+
RORAA,TUBA,?
RORAA,NR1D1,+
RREB1,SLC39A3,?
CBFA2T2,BCL2,+
RUNX2,ESR1,?
RUNX2,IHHB,?
RUNX2,LRP5,?
RUNX2,MMP13,+
RUNX2,MMP2,+
RUNX2,PLAU,?
RUNX2,SNAI2,+
RUNX2,SNAI3,+
RUNX2,SP7,?
RUNX2,VEGFC,+
RUNX3,THBS1,?
RXRAA,ABCA1,+
RXRAA,ABCB11,+
RXRAA,ABCC2,+
RXRAA,ABCC3,-
RXRAA,CGBB,?
RXRAA,CXCR5,+
RXRAA,CYP26A1,?
RXRAA,CYP2G1,?
RXRAA,CYP3A30,?
RXRAA,CYP7A1,?
RXRAA,DR1,?
RXRAA,HNF1A,?
RXRAA,HSD17B2,+
RXRAA,IL2RB,+
RXRAA,IL2RG,+
RXRAA,LIPE,?
RXRAA,MTTP,+
RXRAA,NR0B2,+
RXRAA,PLD1,?
RXRAA,SERPINC1,+
RXRAA,SUV39H1A,?
RXRAA,THBD,?
RXRAA,TRPC5,?
SALL1,KIF26B,?
SALL3,DNMT3A,?
SATB1,HBB2,+
SATB1,BCL2,+
SATB1,CDK4,+
SATB1,CSMD3,?
SATB1,CYBB,-
SATB1,GATA3,+
SATB1,HDAC1,?
SATB1,SPARC,+
SATB1,SPI1,+
SATB2,TP63,-
SATB2,UPF3B,+
SCD5,EGR2B,?
SEC14L2,PSMB9,?
SETBP1,PTGER2,-
SETBP1,PTGS2,-
SETBP1,PTPA,-
SF1,AMH,+
SF1,CGBB,?
SF1,CYP11A1,+
SF1,HSD3B,?
SF1,MC2R,+
SF1,NR0B1,?
SF1,SF3B1,?
SF1,SOX9,?
SF1,STAR,?
SF1,TCERG1,-
SF1,U2AF2,?
SHOX,B3GLCT,?
SHOX,CRHR1,?
SHOX,DBH,?
SHOX,FJX1,?
SHOX,GYC88E,?
SHOX,NOS1,?
SHOX,RASD1,?
SHOX,SGSM1,?
SHOX,HCN4,+
SIN3A,SMARCA2,?
SIN3A,SP3,+
SIN3A,STAR,?
SIN3B,BMI1B,-
SIX1B,VEGFC,+
SKI,FHL2,+
SKIL,ADAM12,-
SKIL,ITCH,-
SKIL,KAG9266355.1,-
SMARCA2,CCNA1,?
SMARCA2,TMEM50A,?
SMARCA2,ABCG2,+
SMARCA2,CAD,?
SMARCA2,CCND1,-
SMARCA2,CDKN1A,+
SMARCA2,FOS,-
SMARCA2,MITF,?
SMARCA2,MYOG,+
SMARCA2,PSAP,+
SMARCA2,SOX2,?
SMARCA2,TBX5A,?
SMARCA5,DIDO1,-
SMG6,UPF1,?
SMURF2,KLF5,-
SMYD1,HAND1,?
SNAI2,JAG1B,+
SNAI2,MMP17,?
SNAI2,MMP9,+
SNAI2,UBE2D2,-
SNAI2,VDRA,-
SOX10,MIA,+
SOX10,MITF,+
SOX10,PMP22,?
SOX11,SPAST,+
SOX11,TUBB4B,?
SOX11-B,DHX9,?
SOX11-B,DICER1,?
SOX11-B,KMT2A,?
SOX11-B,NCAM2,+
SOX11-B,NKX3-1,?
SOX17A,MACC1,-
SOX17A,NFAT5,-
SOX17A,SERBP1,-
SOX18,PROX1,+
SOX2,ABCC3,+
SOX2,ASXL1,+
SOX2,BMP2,-
SOX2,CCND1,-
SOX2,CDKN1A,+
SOX2,DKK1,+
SOX2,FGF4-B,+
SOX2,ISL1,-
SOX2,ITGA7,+
SOX2,JAG1B,?
SOX2,PGA,+
SOX2,LEF1,-
SOX2,LEFTY2,+
SOX2,LHX3,+
SOX2,NEUROD1,?
SOX2,NR2E1,+
SOX2,NTRK3,+
SOX2,POU4F2,-
SOX2,RHO,-
SOX2,SEMA6A,?
SOX2,IHHB,?
SOX2,SHHA,?
SOX2,SOX2,+
SOX2,TUBB4B,-
SOX2,VIM,+
SOX5,SPAG6,?
SOX6,CCNA1,-
SOX6,CCND1,-
SOX6,CDK4,-
SOX6,CDKN1A,+
SOX6,FGF3,-
SOX6,PTHLH,+
SOX6,TP53,+
SOX9,AMH,+
SOX9,BEST1,+
SOX9,CDK4,+
SOX9,CDKN1A,+
SOX9,DCC,+
SOX9,HES1-A,+
SOX9,KLF4,?
SOX9,MIA,+
SOX9,MITF,?
SOX9,POU3F2,-
SOX9,RXFP2,+
SOX9,SF1,?
SOX9,SOX10,-
SOX9,TYR,?
SP1,ABCA1,+
SP1,ABCB11,+
SP1,ABCB8,+
SP1,ABCC1,-
SP1,ABCC3,+
SP1,ABCG2,?
SP1,ACO1,?
SP1,ACVR1,?
SP1,ADAM17,+
SP1,ADAM23,+
SP1,ADRA2B,+
SP1,ADRB4C,?
SP1,AGT,?
SP1,AHR,-
SP1,ALOX12,+
SP1,ALOXE3,?
SP1,ALOX5,+
SP1,AMACR,?
SP1,APAF1,?
SP1,APLNRB,+
SP1,ARF6,+
SP1,ATF2,?
SP1,ATM,?
SP1,ATP2A2,+
SP1,ATP2C1,+
SP1,BACE2,?
SP1,BAG2,?
SP1,BCL2,?
SP1,BLMH,+
SP1,BSG,+
SP1,BTK,?
SP1,C1QBP,?
SP1,C4B,?
SP1,CA9,+
SP1,CASP3,?
SP1,CAT,?
SP1,CAV1,?
SP1,CBFB,?
SP1,CBS,?
SP1,CCK,?
SP1,CCL11,+
SP1,CCNA1,-
SP1,CCND1,+
SP1,CCND2,+
SP1,CD63,+
SP1,CD2AP,+
SP1,CDK4,+
SP1,CDK4,-
SP1,CDKN1A,+
SP1,CDKN2B,?
SP1,CERS2,+
SP1,CETP,-
SP1,CFTR,?
SP1,CLDN5,+
SP1,CREB1,?
SP1,CRMP1,?
SP1,CSNK2A1,?
SP1,CTSB,?
SP1,CTSL,+
SP1,CXCL14,+
SP1,CYP17A1,?
SP1,CYP19A1,?
SP1,CYP1B1,+
SP1,CYP27A1,+
SP1,CYP2G1,?
SP1,CYP3A30,?
SP1,CYP7A1,?
SP1,DCK,?
SP1,DDB1,?
SP1,DDB2,?
SP1,DHCR24,+
SP1,DMRT1,?
SP1,DNASE2,+
SP1,DNMT1,+
SP1,DNMT3A,+
SP1,DNMT3B,+
SP1,DPYSL2,?
SP1,DRG2,?
SP1,EAPP,+
SP1,EGF,?
SP1,ERBB4,-
SP1,EGR1,+
SP1,ELMO3,+
SP1,EPO,+
SP1,EPOR,-
SP1,ERBB2,+
SP1,ESR1,?
SP1,F2R,?
SP1,F3,?
SP1,F7,?
SP1,FABP6,?
SP1,FASLG,+
SP1,FBLN1,?
SP1,FBN1,?
SP1,FBP1,?
SP1,FGFBP1,?
SP1,FGL2,?
SP1,FMR1-A,+
SP1,FOLR1,?
SP1,FOS,?
SP1,FUT4,?
SP1,FXR1,+
SP1,GATA3,?
SP1,GDF5,?
SP1,GFER,+
SP1,GJA1,+
SP1,GPR39,?
SP1,GRIN1,?
SP1,GSPT1,?
SP1,GSTM3,+
SP1,HAS2,-
SP1,KAG9280087.1,?
SP1,HBEGF,+
SP1,HCN2,+
SP1,HCN4,+
SP1,HGF,+
SP1,HMGA1,+
SP1,HRAS,+
SP1,HSD11B2,?
SP1,HSD17B1,+
SP1,HSD17B2,+
SP1,HSD3B,+
SP1,HTR7,?
SP1,ID4,-
SP1,INSR,?
SP1,IGF2,+
SP1,IGFBP1,?
SP1,IGFBP3,+
SP1,IL10,+
SP1,IL2RB,?
SP1,INPP5J,?
SP1,INSR,+
SP1,IRF5,+
SP1,IRS2,+
SP1,ITGA2,?
SP1,ITGA5,+
SP1,ITGAV,-
SP1,ITGAX,?
SP1,ITGB2,?
SP1,ITGB3,-
SP1,KAG9259909.1,+
SP1,KAG9262332.1,?
SP1,KAG9263502.1,?
SP1,KAG9265893.1,?
SP1,KAG9267267.1,?
SP1,KAG9275316.1,+
SP1,KAG9275974.1,?
SP1,KAG9277111.1,?
SP1,KRT19,-
SP1,KAG9283639.1,+
SP1,KCNH2,?
SP1,KCNQ2,+
SP1,KCNQ3,+
SP1,KDR,-
SP1,KITA,?
SP1,KRT18,?
SP1,KRT19,+
SP1,LAMA1,?
SP1,LCAT,?
SP1,LDHA,+
SP1,LDLR,+
SP1,LMO4,?
SP1,LPL,?
SP1,LRP5,+
SP1,LTC4S,?
SP1,MACROD2,+
SP1,MAO,?
SP1,MAT2A,+
SP1,MAT2B,+
SP1,MCTS1,?
SP1,ME3,?
SP1,MET,+
SP1,MGMT,?
SP1,MIF,+
SP1,MME,?
SP1,MMP11,+
SP1,MMP24,+
SP1,MMP2,+
SP1,MMP9,+
SP1,MPG,?
SP1,MPO,+
SP1,MTA1,+
SP1,MYBL1,?
SP1,MYBL2,?
SP1,MYCB,?
SP1,NDUFV1,+
SP1,NDUFV2,+
SP1,NF1,?
SP1,NFKB2,?
SP1,NKX2-1,?
SP1,NOS1,?
SP1,NPY,?
SP1,NR4A1,?
SP1,NT5E,?
SP1,ODC1,?
SP1,P4HB,+
SP1,PCK1,+
SP1,PDGFC,?
SP1,PDHA1,?
SP1,PGLYRP2,?
SP1,PLAA,?
SP1,PLAU,?
SP1,PNOC,?
SP1,POLD1,?
SP1,POLD2,?
SP1,POR,+
SP1,PPL,+
SP1,PRKCE,-
SP1,PSEN1,?
SP1,PSIP1,?
SP1,PTEN,?
SP1,PTGES,?
SP1,PTGIR,+
SP1,PTGS2,+
SP1,PTHLH,+
SP1,PTK6,?
SP1,PTN-A,?
SP1,PTTG1,+
SP1,RARA,+
SP1,RASSF1,+
SP1,RECK,+
SP1,RECQL4,+
SP1,RGN,-
SP1,RORAA,+
SP1,RPS3A,?
SP1,SERPINE1,+
SP1,SGPL1,?
SP1,SIGIRR,+
SP1,SLC15A2,?
SP1,SLC19A1,+
SP1,SLC25A20,?
SP1,SLC29A1,-
SP1,SLC31A1,?
SP1,SLC39A1,?
SP1,SLC3A2,?
SP1,SLC4A2,?
SP1,SLC5A8,+
SP1,SLC7A5,?
SP1,SLC9A2,?
SP1,SMARCA1,?
SP1,SNAP25B,?
SP1,SNAPC1,?
SP1,SNRPB,?
SP1,SOCS1,+
SP1,SOD1,+
SP1,SOX3,?
SP1,SOX9,+
SP1,SP3,+
SP1,SQSTM1,?
SP1,FYNA,?
SP1,ST6GAL1,?
SP1,STAR,?
SP1,STK11,?
SP1,SYP,?
SP1,TBXA2R,?
SP1,TF2,?
SP1,TGFB1,+
SP1,TGFBR2,?
SP1,TH,?
SP1,THBD,+
SP1,THBS4,?
SP1,TIMP2,?
SP1,TIMP3,+
SP1,TLR2-2,+
SP1,TNF,+
SP1,TNFRSF23,+
SP1,TNFSF10,-
SP1,TNFSF14,+
SP1,TYMP,?
SP1,TYMS,?
SP1,UGCG,+
SP1,UGDH,+
SP1,UGT2A1,?
SP1,USP7,?
SP1,DMD,+
SP1,V-FPS,?
SP1,VAMP2,+
SP1,VDRA,?
SP1,VIM,+
SP1,WAS,?
SP1,WIF1,-
SP1,WRN,?
SP1,XIAP,+
SP1,XPC,?
SP1,YY1,+
SP2,DNMT3A,+
SP2,DNMT3B,+
SP2,HSD17B2,-
SP2,MAT2A,?
SP2,MMP9,-
SP2,PAPSS2,?
SP3,ABCA1,-
SP3,ACE,?
SP3,ACSBG1,+
SP3,ACTBA,+
SP3,ALOX12,+
SP3,ANGPT2,+
SP3,ATP2A2,?
SP3,BMP2,?
SP3,BSG,+
SP3,BTK,?
SP3,CA9,?
SP3,CBS,?
SP3,CCND1,?
SP3,CD2AP,+
SP3,CDH5,+
SP3,CDK5R1,?
SP3,CDKN1A,+
SP3,CDKN2B,?
SP3,CEBPA,+
SP3,CETP,-
SP3,CFTR,?
SP3,CNMD,+
SP3,CTSB,?
SP3,CTSL,+
SP3,CYP17A1,?
SP3,CYP27A1,+
SP3,CYP2G1,?
SP3,CYP3A30,?
SP3,CYP46A1,?
SP3,DCK,?
SP3,DMD,+
SP3,DMRT1,?
SP3,DNASE2,+
SP3,DNM1,?
SP3,DNMT1,+
SP3,DNMT3A,?
SP3,DNMT3B,?
SP3,EAPP,-
SP3,ERBB2,+
SP3,F2R,?
SP3,FBLN1,?
SP3,FBP1,?
SP3,FOXP3,-
SP3,GDF5,?
SP3,GPC6,+
SP3,HBEGF,+
SP3,HGF,+
SP3,HSD17B2,+
SP3,ID4,-
SP3,IFITM5,+
SP3,IGFBP1,?
SP3,IGFBP3,+
SP3,IL10,+
SP3,ITGA2,?
SP3,ITGA7,+
SP3,ITGAV,?
SP3,KAG9259909.1,+
SP3,KAG9260765.1,+
SP3,KAG9273149.1,?
SP3,KCNN3,-
SP3,KDR,+
SP3,LAMA1,?
SP3,LCAT,?
SP3,LIPE,+
SP3,LMNA,?
SP3,LPL,+
SP3,LTC4S,?
SP3,MAO,?
SP3,MAT2A,?
SP3,MERTK,?
SP3,MET,-
SP3,MMP2,?
SP3,MSH6,+
SP3,NKX2-1,?
SP3,NRGN,+
SP3,OPRD1,-
SP3,PTGS2,+
SP3,RASSF1,+
SP3,RECK,?
SP3,REN,+
SP3,RORAA,+
SP3,SETDB1B,+
SP3,SLC1A3,?
SP3,SLC9A2,-
SP3,SOCS3,?
SP3,SOD3,+
SP3,SOX18,-
SP3,STAR,?
SP3,TAL1,?
SP3,TESC,+
SP3,TIMP2,?
SP3,TXLNG,-
SP3,TYMP,?
SP3,UCP2,+
SP3,YY1,+
SP3,ZNF143,+
SP4,ASS1,+
SP4,CCND1,?
SP4,ERBB2,+
SP4,KAG9259909.1,+
SP4,KDR,+
SP4,MAO,+
SP4,YY1,+
SP9,FGF8A,?
SPDEF,KAG9276105.1,+
SPDEF,KAG9281149.1,+
SPDEF,MMP9,-
SPDEF,SPDEF,?
SPDEF,SQSTM1,+
SPEN,NCOR2,?
SPI1,ACP5,+
SPI1,BCL2L11,-
SPI1,BCL6,-
SPI1,BTK,?
SPI1,CCL11,+
SPI1,CD22,?
SPI1,CD40,+
SPI1,CD68,-
SPI1,CSF3R,+
SPI1,CTSK,?
SPI1,CXCR1,+
SPI1,CYBB,+
SPI1,ERAP2,?
SPI1,FCER1G,+
SPI1,FCGR1,?
SPI1,FLT3,+
SPI1,GATA2,+
SPI1,HCK,?
SPI1,IL12B,?
SPI1,IL1B,+
SPI1,IRF8,+
SPI1,ITGA2B,?
SPI1,ITGAX,+
SPI1,ITGB2,+
SPI1,MACROD2,-
SPI1,MAPK1,-
SPI1,MCPT4,?
SPI1,MME,?
SPI1,MMP13,-
SPI1,MRC1,-
SPI1,NCF1,+
SPI1,NFKB1,?
SPI1,P2RY10,?
SPI1,PARG,-
SPI1,PEBP1,+
SPI1,PTGDS,+
SPI1,PTGIR,+
SPI1,PTPRC,+
SPI1,PTPRO,?
SPI1,STAT3,?
SPI1,TAL1,?
SPI1,TAL2,?
SPI1,TEC,?
SPI1,TLR4,+
SPI1,TNF,?
SPI1,TNFRSF11A,?
SPI1,V-FPS,+
SPI1,WAS,?
SREBF2,ABCA1,-
SREBF2,ABCG8,-
SREBF2,FABP6,?
SREBF2,FDFT1,?
SREBF2,FDPS,?
SREBF2,HMGCR,+
SREBF2,LDLR,+
SREBF2,LIPC,?
SREBF2,LRP1,-
SREBF2,MTTP,-
SREBF2,PCSK9,+
SREBF2,PON2,+
SREBF2,PPARG,?
SREBF2,PRSS27,?
SRF,ACTBA,?
SRF,CFTR,?
SRF,CREB1,-
SRF,DMD,?
SRF,FHL2,?
SRF,FOS,+
SRF,FXN,?
SRF,HMGXB4,?
SRF,KAG9268936.1,+
SRF,KPNA1,?
SRF,KPNB1,?
SRF,LMO7,?
SRF,MMP24,+
SRF,MMP2,+
SRF,MMP9,?
SRF,MYL9,?
SRF,PLAU,+
SRF,PLG,+
SRF,PRRX1,?
SRF,SERPINE1,-
SRF,SMN1,+
SRF,TAGLN,+
SRF,CNN3,+
SRF,UBE2S,+
SSB,LAMB2,+
SSB,XIAP,?
STAT1,BACE1,?
STAT1,CD36,+
STAT1,CD40,?
STAT1,CXCL11.6,+
STAT1,FCGR1,+
STAT1,GBP1,+
STAT1,GFI1,+
STAT1,IRF3,+
STAT1,MDM2,-
STAT1,POU3F1,?
STAT1,PPARG,?
STAT1,RC3H1,+
STAT1,UPP1,+
STAT3,A2M,?
STAT3,ABCA1,?
STAT3,AKAP12,+
STAT3,AKT1,?
STAT3,BCL2,+
STAT3,BCL6,+
STAT3,CCL11,+
STAT3,CCL13,+
STAT3,CCND1,+
STAT3,CCND2,?
STAT3,CDK4,+
STAT3,CDKN1A,+
STAT3,CFB,+
STAT3,CFH,+
STAT3,CFLAR,?
STAT3,CISH,+
STAT3,COPS5,?
STAT3,CXCL8,?
STAT3,CYP19A1,?
STAT3,DNMT1,+
STAT3,ERBB4,+
STAT3,EPAS1,?
STAT3,ETV6,+
STAT3,F2R,+
STAT3,FAAH,+
STAT3,FGF2,+
STAT3,FGG,+
STAT3,FGL1,?
STAT3,FLT3,+
STAT3,FOS,+
STAT3,GFAP,+
STAT3,GREB1,?
STAT3,HGF,+
STAT3,HIF1A,+
STAT3,HSPA4,+
STAT3,HSPB1,+
STAT3,IKBKE,+
STAT3,IL10,+
STAT3,IRF1,+
STAT3,JAK2,+
STAT3,JUNB,+
STAT3,KRT19,+
STAT3,KLF11,+
STAT3,LCAT,?
STAT3,LGALS3BPB,-
STAT3,LTBP1,-
STAT3,MMP24,?
STAT3,MMP2,+
STAT3,MMP9,-
STAT3,MYCB,+
STAT3,MYD88,?
STAT3,NLK.2,?
STAT3,NME2,+
STAT3,NOX5,+
STAT3,NR2C1-B,?
STAT3,PAX3-A,-
STAT3,PIM1,+
STAT3,POU2F1,?
STAT3,PPARA,+
STAT3,PRDM1,+
STAT3,PROS1,?
STAT3,PSMB5,+
STAT3,PTEN,+
STAT3,PTGS2,+
STAT3,PTPN6,-
STAT3,ROR1,?
STAT3,S1PR1,+
STAT3,SOCS1,+
STAT3,SOCS3,+
STAT3,STK11,?
STAT3,STS,+
STAT3,TGFB1,+
STAT3,TNFRSF23,-
STAT3,TP53,?
STAT3,TP63,+
STAT3,TWIST2,?
STAT3,TYK2,-
STAT3,USP7,-
STAT3,VDRA,-
STAT4,IRF1,?
STAT4,KAG9275887.1,+
STAT4,MYCB,+
STAT4,PIM1,?
STAT4,PRF1,+
STAT4,SOCS3,-
STAT5B,BCL6,-
STAT5B,CCND1,?
STAT5B,CEL,?
STAT5B,DMD,?
STAT5B,ESR1,?
STAT5B,KAG9280168.1,+
STAT5B,MRPL40,?
STAT5B,NR4A1,?
STAT5B,PIK3CA,?
STAT5B,PPP2R5B,?
SUGP1,IL1B,+
SUZ12A,IGF2,?
SUZ12A,SNAI2,-
SYT1,CDH5,?
TAF1,CDKN1A,+
TAF1,LRIG2,?
TAF1,FYNA,?
TAF1,TBP,?
TAF12,CYP24A1,?
TAF15,MDM2,-
TAF4,CDKN1A,?
TAF5,CDKN1A,?
TAL1,CCND1,+
TAL1,EPOR,?
TAL1,KAG9266355.1,+
TAL1,KITA,?
TAL1,MYB,+
TAL1,MYOG,-
TBC1D22B,ACBD3,?
TBP,BCL2,-
TBP,CCNB2,?
TBP,CDKN1A,?
TBP,FOS,+
TBP,IGFBP1,?
TBP,KAG9276467.1,+
TBP,MYCB,?
TBP,NF1,-
TBP,TAF15,-
TBPL1,NF1,+
TBR1,AUTS2,?
TBR1,RELN,?
TBX20,FGF10,?
TBX2B,CDKN1A,-
TBX3,CDKN1A,-
TBX3,GJA1,-
TBX3,GJA5,-
TBX3,ONECUT1,-
TBX5A,ATP2A2,+
TBX5A,GJA5,+
TBX5A,ITGA9,?
TCF21,AKR1B1,-
TCF4,ABCB11,+
TCF4,BCL2,?
TCF4,CCND1,+
TCF4,CLEC4F,+
TCF4,CNTNAP2,+
TCF4,DYNC1LI2,?
TCF4,FSTA,?
TCF4,FXR1,?
TCF4,JUN,?
TCF4,KAG9265444.1,?
TCF4,KAG9282591.1,-
TCF4,KIF2A,?
TCF4,KLF4,?
TCF4,MITF,-
TCF4,MYCB,+
TCF4,NOTUM1A,+
TCF4,NRCAM,?
TCF4,OGT,?
TCF4,PAPOLG,?
TCF4,PIK3C2B,?
TCF4,PLD1,+
TCF4,PPM1B,?
TCF4,PPP2R2A,?
TCF4,PTBP3,?
TCF4,PTEN,-
TCF4,PTPN2,?
TCF4,SSBP2,?
TCF4,SUZ12A,?
TCF4,TFDP1,?
TCF4,VIM,+
TCF4,WNT4A,?
TCF7L2,ABCB11,?
TCF7L2,ACVR1,?
TCF7L2,GATA3,?
TCF7L2,GLCEB,?
TCF7L2,KAG9282591.1,-
TCF7L2,MYOD1,+
TCF7L2,PTGS2,?
TCF7L2,SNAI2,?
TCF7L2,STARD7,+
TCF7L2,STAT3,?
TCF7L2,WWC1,?
TCFL5,TCFL5,?
TEAD1,ATP6V0A2,+
TEAD1,MSLNL,+
TEAD1,PAX3-A,?
TEAD1,SRF,?
TFAP2A,ACHE,-
TFAP2A,ADM,?
TFAP2A,ADRA2B,?
TFAP2A,BCL2,-
TFAP2A,CCNB2,?
TFAP2A,CD82,+
TFAP2A,CDKN1A,+
TFAP2A,CFTR,?
TFAP2A,CGA,?
TFAP2A,CGBB,?
TFAP2A,CRABP2,+
TFAP2A,CRYAB,+
TFAP2A,CYP11A1,?
TFAP2A,DBH,?
TFAP2A,ECM1,+
TFAP2A,ERBB4,?
TFAP2A,ERBB2,?
TFAP2A,F2R,?
TFAP2A,FOXA1,?
TFAP2A,GALNT3,?
TFAP2A,GH,?
TFAP2A,HGF,-
TFAP2A,HSD17B1,-
TFAP2A,IGFBP5,+
TFAP2A,KAG9265893.1,?
TFAP2A,KITA,?
TFAP2A,L1CAM,?
TFAP2A,LNPEP,+
TFAP2A,MCAM,-
TFAP2A,MMP2,?
TFAP2A,MMP9,+
TFAP2A,MPG,?
TFAP2A,NME3,+
TFAP2A,POLD2,?
TFAP2A,PRKCBB,+
TFAP2A,PTEN,+
TFAP2A,PTGS2,?
TFAP2A,SLC19A1,+
TFAP2A,TH,?
TFAP2A,TIMP2,?
TFAP2C,CDKN1A,-
TFAP2C,CRABP2,+
TFAP2C,ECM1,+
TFAP2C,ERBB2,?
TFAP2C,ESR1,+
TFAP2C,MMP2,?
TFAP4,CDKN1A,+
TFAP4,CLCN5,?
TFDP1,ABCG2,?
TFDP1,ANP32A,?
TFDP1,BMP2,?
TFDP1,BPTF,?
TFDP1,BRPF1,?
TFDP1,CAV1,?
TFDP1,CCNA1,?
TFDP1,CCND1,-
TFDP1,CCNE1,+
TFDP1,CDK1,+
TFDP1,CHD5,?
TFDP1,CKAP5,?
TFDP1,CTBP1,?
TFDP1,DHFR,+
TFDP1,DPH6,?
TFDP1,EP400,?
TFDP1,FOXO1B,?
TFDP1,FXR1,?
TFDP1,GALNT1,?
TFDP1,HNRNPDL,?
TFDP1,KAG9260001.1,?
TFDP1,KAG9260364.1,?
TFDP1,KAG9265444.1,?
TFDP1,KAG9283030.1,?
TFDP1,L3MBTL3,?
TFDP1,LIMK1,?
TFDP1,RDX,?
TFDP1,MTA3,?
TFDP1,MYBL2,+
TFDP1,NOS1AP,?
TFDP1,NRIP1,+
TFDP1,PAPOLG,?
TFDP1,PBRM1,?
TFDP1,PCNA,+
TFDP1,PIAS2,?
TFDP1,PPM1B,?
TFDP1,PPP2R2A,?
TFDP1,PPP4R3B,?
TFDP1,RNF40,?
TFDP1,RRM1,+
TFDP1,SCYL1,?
TFDP1,SIN3A,?
TFDP1,SLC25A37,?
TFDP1,SSBP2,?
TFDP1,SUZ12A,?
TFDP1,TAF4,?
TFDP1,TCERG1,?
TFDP1,TFDP1,?
TFDP1,THOC2,?
TFDP1,TIAL1,?
TFDP1,TLE3B,?
TFDP1,TOP2A,?
TFDP1,TP53,-
TFDP1,TYMS,+
TFDP1,ZFR,?
TFEB,TYR,?
TFEB,TYRP1,?
TFPT,EAF1,?
TFPT,EAF2,-
TGFB1,FOXP3,+
TGFB1I1,TGFB1,+
THRAP3,CEBPA,+
THRAP3,PPARG,+
TIAL1,THY1,?
TLX1,FHL1,?
TLX1,MYCB,+
TLX1,NR4A3,+
TNFAIP3,IRF3,-
TNFAIP3,JUN,-
TNFAIP3,KAG9259909.1,-
TNFAIP3,SATB1,?
TP53,ABCB11,-
TP53,ADGRB1,?
TP53,AKT1,-
TP53,ALKBH2,?
TP53,ALOX5,?
TP53,ANKRD1,?
TP53,ANTXR1,?
TP53,APAF1,?
TP53,ATF3,+
TP53,BCAN,?
TP53,BCL2,-
TP53,BDKRB2,+
TP53,BGLAP,+
TP53,BRCA2,-
TP53,BTG1,?
TP53,BTG3,?
TP53,CABLES1,?
TP53,CARM1,?
TP53,CASP3,?
TP53,CASPA,?
TP53,CAV1,+
TP53,CCNA1,?
TP53,CCNB2,-
TP53,CCND1,-
TP53,CD82,+
TP53,CDK1,-
TP53,CDK2,-
TP53,CDK4,?
TP53,CDKN1A,+
TP53,CHUK,-
TP53,CKM,+
TP53,CRYAB,+
TP53,CTSD,+
TP53,CYFIP2,?
TP53,DDB1,+
TP53,DDB2,+
TP53,DKK1,?
TP53,DNMT1,+
TP53,DUSP1,+
TP53,E2F3,-
TP53,ERBB4,+
TP53,EGR1,?
TP53,EPHA2,+
TP53,ESR1,?
TP53,FDXR,?
TP53,FGF2,-
TP53,FLT1,+
TP53,GADD45G,+
TP53,GC,?
TP53,GLI2,?
TP53,GSTM3,+
TP53,HIPK2,+
TP53,HRAS,?
TP53,HSP90AA1,-
TP53,ID1,?
TP53,ID2,?
TP53,INSR,-
TP53,IGFBP3,+
TP53,IPO7,-
TP53,KAG9259909.1,?
TP53,KAG9260855.1,?
TP53,KLF2,-
TP53,MAD1L1,-
TP53,MCM7-B,-
TP53,MET,-
TP53,MGMT,-
TP53,MMP2,+
TP53,MYCB,-
TP53,NKX3-1,-
TP53,NME2,?
TP53,OGG1,+
TP53,PDGFRB,+
TP53,PERP,-
TP53,PLK1,?
TP53,PLK3,?
TP53,POLD1,?
TP53,PRKAB1,?
TP53,PTEN,-
TP53,PTPA,-
TP53,PTTG1,+
TP53,PXN1,+
TP53,QNR-71,?
TP53,RASSF1,-
TP53,RECQL4,+
TP53,REEP5,-
TP53,S100B,+
TP53,SIAH2L,?
TP53,SIVA1,+
TP53,SLC2A1,-
TP53,SLC6A6,-
TP53,SSTR2,-
TP53,STAT3,-
TP53,TAF15,?
TP53,TCF7L2,-
TP53,THBS1,+
TP53,TNFRSF23,+
TP53,TP53,+
TP53,TP53I3,+
TP53,TP73,?
TP53,TYMS,-
TP53,UHRF1,-
TP53,WRN,-
TP53,XPC,?
TP53BP1,ATM,-
TP63,CDKN1A,+
TP63,DDB2,?
TP63,EVPL,?
TP63,FDXR,?
TP63,ID2,-
TP63,KLF4,-
TP63,PPARA,?
TP63,SMARCD3,?
TP63,TCF4,+
TP63,VDRA,+
TP63,XPC,?
TP63,ZNF750,?
TP73,CABLES1,?
TP73,CDK1,?
TP73,CDKN1A,+
TP73,FDXR,?
TP73,FOXO3,+
TP73,GLS,?
TP73,HEY2,?
TP73,ITCH,?
TP73,MDM2,?
TP73,PTEN,+
TP73,VDRA,?
TRAF6,CD40,?
TRIM32,CCL20,+
TRPS1,RUNX2,-
TRRAP,CCND2,+
TRRAP,MITF,-
TSC22D3,CCND1,+
TSC22D3,CDKN1A,-
TSC22D3,FOXO1B,-
TSG101,CEP55,?
TSG101,ERBB4,-
TSG101,KAG9274627.1,-
TTF2,TPO,+
TTF2,TSG101,?
TWIST2,ADD1,-
TWIST2,ATM,+
TWIST2,CKM,-
TWIST2,CTPS1,+
TWIST2,DKK1,?
TWIST2,ERBB3,-
TWIST2,F2R,-
TWIST2,FOS,+
TWIST2,ILK,-
TWIST2,ITGB1,+
TWIST2,KAG9263746.1,?
TWIST2,MMP2,+
TWIST2,MYB,-
TWIST2,NF1,-
TWIST2,NR2F1A,+
TWIST2,PFDN4,-
TWIST2,RBL2,-
TWIST2,RUNX2,-
TWIST2,SRPX,-
UBE2K,NFE2L2,?
UHRF1,ABCB11,-
UHRF1,PPARG,-
UHRF1,TOP2A,?
UPF1,NCBP1,?
UPF1,SLBP,?
UPF2,UPF1,?
USF1,ABCA1,+
USF1,AGT,-
USF1,ALX3,?
USF1,APC,+
USF1,ASPH,?
USF1,B2M,+
USF1,BRCA2,?
USF1,CCNB2,?
USF1,CEACAM5,+
USF1,CIITA,+
USF1,CTSB,?
USF1,CTSD,+
USF1,CYP19A1,-
USF1,CYP1A1,-
USF1,EXT1B,?
USF1,FBP1,?
USF1,FMR1-A,+
USF1,FOXA2,+
USF1,GATA5-A,+
USF1,GCK,+
USF1,HOXB4A,+
USF1,ID4,?
USF1,KAG9259909.1,?
USF1,KAG9273149.1,?
USF1,LIPC,?
USF1,LIPE,+
USF1,MVP,?
USF1,MYH9,?
USF1,PDX1,+
USF1,PKM,?
USF1,POU2F1,?
USF1,PTGDS,+
USF1,PTGS2,-
USF1,PTPN6,?
USF1,REN,+
USF1,SERBP1,+
USF1,SERPINE1,+
USF1,SF1,?
USF1,SLC16A1,?
USF1,SLC19A1,+
USF1,SLC1A3,?
USF1,SLC22A2,+
USF1,TGFB1,+
USF1,TGFB2,+
USF1,TNFAIP3,+
USF1,TOP3A,+
USF1,TYMS,?
USF2,ABCA1,+
USF2,APC,+
USF2,ASPH,?
USF2,B2M,+
USF2,BRCA2,?
USF2,CEACAM5,+
USF2,CFTR,?
USF2,CTSB,?
USF2,CTSD,+
USF2,CXCR1,+
USF2,CYP19A1,-
USF2,EPAS1,?
USF2,FBP1,?
USF2,FMR1-A,+
USF2,HIF1A,?
USF2,HOXB4A,+
USF2,IGF2R,+
USF2,LIPC,?
USF2,MYH9,?
USF2,PDX1,+
USF2,PKM,?
USF2,POU2F1,?
USF2,PTGS2,?
USF2,PTPN6,?
USF2,SF1,?
USF2,SLC19A1,+
USF2,TGFB1,+
USF2,TGFB2,+
USF2,THBS1,+
USF2,TOP3A,+
VAX2,PAX6A,-
VDRA,AMH,?
VDRA,ASAP2,?
VDRA,BGLAP,?
VDRA,BHLHE40,?
VDRA,CDKN1A,?
VDRA,CDKN1A,+
VDRA,CXCL8,+
VDRA,CYP3A30,+
VDRA,CYP7A1,-
VDRA,DDIT4,?
VDRA,ERBB4,-
VDRA,ERBB2,?
VDRA,FOXP3,?
VDRA,HOXA10B,+
VDRA,IGFBP3,-
VDRA,IL10,-
VDRA,IL12B,-
VDRA,KAG9270537.1,?
VDRA,NCOR1,+
VDRA,PLD1,?
VDRA,PRL,?
VDRA,TNFRSF21,+
VDRA,TPT1,+
VDRA,TRPV6,?
VHL,BHLHE40,?
VHL,CA9,?
VHL,CCND1,?
VHL,CDKN1A,+
VHL,EPO,?
VHL,HIF1A,-
VHL,INSR,-
VHL,SPARC,+
VHL,TCF4,?
VHL,TFAM,?
VHL,TP53,?
WDR5,MYCB,?
WT1-A,EPO,+
WT1-A,IGF2,-
WT1-A,IL10,+
WT1-A,INHA,+
WT1-A,NPHS1,+
WT1-A,PAX2A,-
WT1-A,POU4F2,?
WT1-A,WNT4A,?
WWP1,ERBB4,-
WWP1,SPART,?
WWP1,TGFBR1,-
WWTR1,ASNS,-
WWTR1,GLIS3,+
WWTR1,IGFBP1,?
WWTR1,KAG9260855.1,+
WWTR1,TSC1,+
XPC,CASP2,-
XPC,CETN1,?
XPC,CPD,?
XPC,KIN,+
XPC,RNF111,-
XRCC5,APAF1,-
XRCC5,CD40,?
XRCC5,ERBB2,?
YBX1,ABCB11,+
YBX1,AGT,+
YBX1,ANAPC4,-
YBX1,CCNB2,-
YBX1,CCNC,-
YBX1,CDKN3,+
YBX1,CKS2,-
YBX1,ERBB4,+
YBX1,ERBB2,+
YBX1,ERBB3,+
YBX1,KAG9278856.1,-
YBX1,KPNA2,-
YBX1,MET,+
YBX1,MIA,?
YBX1,MMP13,-
YBX1,MMP2,?
YBX1,RAD9A,+
YBX1,SLC6A4,?
YBX1,TOP2A,?
YBX1,TYMS,-
YEATS4,TP53,-
YY1,ACTBA,-
YY1,ADORA2A,?
YY1,APC,-
YY1,ATP2C1,+
YY1,HBB2,?
YY1,CCL11,?
YY1,CCR4,-
YY1,CCR5,-
YY1,CETP,?
YY1,CFTR,+
YY1,COX7C,+
YY1,CREBBP,-
YY1,CTCF,+
YY1,CYP3A30,?
YY1,DBH,+
YY1,ERBB4,+
YY1,EPAS1,-
YY1,ERBB2,+
YY1,ERCC5,+
YY1,FDPS,?
YY1,GBP1,?
YY1,H2-AA,?
YY1,HAS2,-
YY1,HDAC1,?
YY1,HDAC3,?
YY1,HIF1A,?
YY1,HOXB13A,-
YY1,HSD3B,+
YY1,HSPA5,+
YY1,IL1B,?
YY1,INO80,?
YY1,IRF3,?
YY1,KAG9264110.1,?
YY1,KAG9266355.1,?
YY1,KAG9269039.1,?
YY1,KAG9271616.1,?
YY1,LDLR,?
YY1,LRIG2,?
YY1,MYCB,+
YY1,NF1,+
YY1,NOS2,?
YY1,PARP1,?
YY1,PCNA,+
YY1,PDIA6,-
YY1,SLC26A3,?
YY1,SNRPB,?
YY1,STAR,?
YY1,SURF1,+
YY1,SURF2,+
YY1,TDO2B,?
YY1,TF2,?
YY1,TFAP2A,+
YY1,TNFRSF23,+
YY1,TOP3A,+
YY1,TP53,+
YY1,TP73,+
YY1,VWF,?
YY1,WDFY4,?
ZBTB14,FHL2,+
ZBTB16A,BCL2,-
ZBTB16A,CCNA1,-
ZBTB16A,CEBPA,?
ZBTB16A,CRABP1,+
ZBTB16A,DDIT4,+
ZBTB16A,GFI1,?
ZBTB16A,ID2,?
ZBTB16A,LEF1,?
ZBTB16A,SOX9,+
ZBTB2,ARF1,-
ZBTB2,CDKN1A,-
ZBTB2,TP53,-
ZBTB33,CTNNB1,-
ZBTB33,WNT11,-
ZBTB38,MYOG,-
ZBTB5,CDKN1A,-
ZBTB7A,BCL2L11,-
ZBTB7A,CCNA1,-
ZBTB7A,FOS,-
ZBTB7A,MYCB,-
ZBTB7A,PFKP,-
ZBTB7A,PKM,-
ZBTB7A,SLC2A1,-
ZBTB7A,THBS4,?
ZEB1,BCL6,-
ZEB1,ITGB4,?
ZEB1,PKP3,-
ZEB1,TACSTD1,-
ZEB2,ITGA5,+
ZEB2,MEOX2,-
ZEB2,VIM,+
ZFP36,NFKB1,-
ZHX2,CCNA1,-
ZHX2,CCNE1,-
ZHX2,HNF1A,?
ZHX3,WT1-A,+
ZIC1,ABHD14A,+
ZIC1,EIF3M,+
ZIC1,JUND,+
ZNF143,BUB1B,+
ZNF143,PCYT1A,+
ZNF143,TALDO1,?
ZNF423,KAG9263709.1,?
ZNF423,PPARG,+
ZNF76,CDKN1A,-
ZNF76,PCYT1A,+
ZNF76,TALDO1,?
